{
  "timestamp": "2026-07-20T04:00:30.609714",
  "claude": {
    "input_tokens": 109307645,
    "output_tokens": 524028923,
    "cache_creation": 4806618262,
    "cache_read": 119668405265,
    "total_tokens": 125108360095,
    "sessions": 17677,
    "messages": 1054398,
    "cost_estimate": 184548.532025
  },
  "token_usage": {
    "input_tokens": 1705321159,
    "output_tokens": 651993517,
    "cache_creation": 4806618262,
    "cache_read": 151975892497,
    "total_tokens": 159139825435,
    "sessions": 17677,
    "messages": 1054398,
    "cost_estimate": 223342.0726981,
    "providers": {
      "claude": {
        "input_tokens": 109307645,
        "output_tokens": 524028923,
        "cache_creation": 4806618262,
        "cache_read": 119668405265,
        "total_tokens": 125108360095,
        "sessions": 17677,
        "messages": 1054398,
        "cost_estimate": 184548.532025
      },
      "other": {
        "input_tokens": 1596013514,
        "output_tokens": 127964594,
        "cache_creation": 0,
        "cache_read": 32307487232,
        "total_tokens": 34031465340,
        "sessions": 0,
        "messages": 0,
        "cost_estimate": 38793.5406731
      }
    }
  },
  "github": {
    "repos": 292,
    "commits": 11935,
    "stars": 309,
    "followers": 3,
    "following": 0,
    "contributed_repos": 94,
    "prs": 2260,
    "issues": 51,
    "loc_added": 61262284,
    "loc_deleted": 30264627,
    "loc_total": 30997657
  }
}