{
  "timestamp": "2026-05-21T04:04:38.977447",
  "claude": {
    "input_tokens": 39044745,
    "output_tokens": 187470057,
    "cache_creation": 3224813819,
    "cache_read": 74706959860,
    "messages": 635696,
    "sessions": 12831,
    "total_tokens": 78158288481,
    "cost_estimate": 112969.64721
  },
  "github": {
    "repos": 259,
    "commits": 9999,
    "stars": 281,
    "followers": 1,
    "following": 0,
    "contributed_repos": 75,
    "prs": 1344,
    "issues": 49,
    "loc_added": 15449601,
    "loc_deleted": 8089596,
    "loc_total": 7405089
  }
}