{
  "timestamp": "2026-06-27T02:29:45.709765",
  "claude": {
    "input_tokens": 80091817,
    "output_tokens": 424068800,
    "cache_creation": 4290744928,
    "cache_read": 106072259283,
    "messages": 929663,
    "sessions": 17485,
    "total_tokens": 110867164828,
    "cost_estimate": 162502.690733
  },
  "github": {
    "repos": 263,
    "commits": 11031,
    "stars": 302,
    "followers": 1,
    "following": 0,
    "contributed_repos": 80,
    "prs": 1956,
    "issues": 50,
    "loc_added": 57320641,
    "loc_deleted": 28544342,
    "loc_total": 28776453
  }
}