{
  "timestamp": "2026-04-20T04:03:58.595999",
  "claude": {
    "input_tokens": 36386765,
    "output_tokens": 72097497,
    "cache_creation": 2624732873,
    "cache_read": 51711847960,
    "messages": 465213,
    "sessions": 11590,
    "total_tokens": 54445065095,
    "cost_estimate": 80485.96925
  },
  "github": {
    "repos": 243,
    "commits": 8911,
    "stars": 266,
    "followers": 1,
    "following": 0,
    "contributed_repos": 69,
    "prs": 944,
    "issues": 45,
    "loc_added": 15449601,
    "loc_deleted": 8089596,
    "loc_total": 7405089
  }
}