{
  "timestamp": "2026-05-25T04:05:23.011753",
  "claude": {
    "input_tokens": 40805436,
    "output_tokens": 217354137,
    "cache_creation": 3342176279,
    "cache_read": 79382038429,
    "messages": 672320,
    "sessions": 13139,
    "total_tokens": 82982374281,
    "cost_estimate": 119732.479689
  },
  "github": {
    "repos": 261,
    "commits": 10200,
    "stars": 282,
    "followers": 1,
    "following": 0,
    "contributed_repos": 77,
    "prs": 1401,
    "issues": 49,
    "loc_added": 15449601,
    "loc_deleted": 8089596,
    "loc_total": 7405089
  }
}