{
  "timestamp": "2026-07-14T23:31:18.108789",
  "claude": {
    "input_tokens": 109204236,
    "output_tokens": 511220772,
    "cache_creation": 4746064141,
    "cache_read": 117690329928,
    "total_tokens": 123056819077,
    "sessions": 17642,
    "messages": 1039630,
    "cost_estimate": 181579.636858
  },
  "token_usage": {
    "input_tokens": 109204236,
    "output_tokens": 511220772,
    "cache_creation": 4746064141,
    "cache_read": 117690329928,
    "total_tokens": 123056819077,
    "sessions": 17642,
    "messages": 1039630,
    "cost_estimate": 181579.636858,
    "providers": {
      "claude": {
        "input_tokens": 109204236,
        "output_tokens": 511220772,
        "cache_creation": 4746064141,
        "cache_read": 117690329928,
        "total_tokens": 123056819077,
        "sessions": 17642,
        "messages": 1039630,
        "cost_estimate": 181579.636858
      },
      "other": {
        "input_tokens": 0,
        "output_tokens": 0,
        "cache_creation": 0,
        "cache_read": 0,
        "total_tokens": 0,
        "sessions": 0,
        "messages": 0,
        "cost_estimate": 0
      }
    }
  },
  "github": {
    "repos": 290,
    "commits": 11869,
    "stars": 309,
    "followers": 3,
    "following": 0,
    "contributed_repos": 91,
    "prs": 2239,
    "issues": 51,
    "loc_added": 61262284,
    "loc_deleted": 30264627,
    "loc_total": 30997657
  }
}