{
  "timestamp": "2026-04-22T04:04:13.265592",
  "claude": {
    "input_tokens": 36702523,
    "output_tokens": 77224403,
    "cache_creation": 2654840023,
    "cache_read": 52704325628,
    "messages": 474954,
    "sessions": 11671,
    "total_tokens": 55473092577,
    "cost_estimate": 81936.483178
  },
  "github": {
    "repos": 244,
    "commits": 8942,
    "stars": 269,
    "followers": 1,
    "following": 0,
    "contributed_repos": 69,
    "prs": 961,
    "issues": 45,
    "loc_added": 15449601,
    "loc_deleted": 8089596,
    "loc_total": 7405089
  }
}