{
  "timestamp": "2026-06-04T23:30:03.760712",
  "claude": {
    "input_tokens": 52731563,
    "output_tokens": 295455934,
    "cache_creation": 3697134611,
    "cache_read": 89934642920,
    "messages": 770657,
    "sessions": 14664,
    "total_tokens": 93979965028,
    "cost_estimate": 136296.98268000002
  },
  "github": {
    "repos": 255,
    "commits": 10904,
    "stars": 290,
    "followers": 1,
    "following": 0,
    "contributed_repos": 78,
    "prs": 1658,
    "issues": 50,
    "loc_added": 15449601,
    "loc_deleted": 8089596,
    "loc_total": 7405089
  }
}