{
  "timestamp": "2026-05-17T04:13:55.670901",
  "claude": {
    "input_tokens": 38719210,
    "output_tokens": 167774602,
    "cache_creation": 3146961390,
    "cache_read": 72452645413,
    "messages": 616075,
    "sessions": 12687,
    "total_tokens": 75806100615,
    "cost_estimate": 109342.689473
  },
  "github": {
    "repos": 258,
    "commits": 9843,
    "stars": 281,
    "followers": 1,
    "following": 0,
    "contributed_repos": 75,
    "prs": 1304,
    "issues": 49,
    "loc_added": 15449601,
    "loc_deleted": 8089596,
    "loc_total": 7405089
  }
}