{
  "timestamp": "2026-06-15T04:05:38.330894",
  "claude": {
    "input_tokens": 65724131,
    "output_tokens": 361834699,
    "cache_creation": 4003786877,
    "cache_read": 98563805793,
    "messages": 855552,
    "sessions": 16066,
    "total_tokens": 102995151500,
    "cost_estimate": 150113.95684300002
  },
  "github": {
    "repos": 258,
    "commits": 10904,
    "stars": 300,
    "followers": 1,
    "following": 0,
    "contributed_repos": 78,
    "prs": 1815,
    "issues": 50,
    "loc_added": 57061445,
    "loc_deleted": 28478904,
    "loc_total": 28582541
  }
}