{
  "timestamp": "2026-07-05T02:12:52.079831",
  "claude": {
    "input_tokens": 96146032,
    "output_tokens": 465327037,
    "cache_creation": 4502899837,
    "cache_read": 111054332339,
    "total_tokens": 116118705245,
    "sessions": 17557,
    "messages": 982354,
    "cost_estimate": 171004.602139
  },
  "github": {
    "repos": 285,
    "commits": 11577,
    "stars": 306,
    "followers": 2,
    "following": 0,
    "contributed_repos": 88,
    "prs": 2022,
    "issues": 51,
    "loc_added": 57654626,
    "loc_deleted": 28652637,
    "loc_total": 29001989
  }
}