{
  "timestamp": "2026-06-29T23:31:08.392090",
  "claude": {
    "input_tokens": 82168056,
    "output_tokens": 442385220,
    "cache_creation": 4377495498,
    "cache_read": 108004945306,
    "total_tokens": 112906994080,
    "sessions": 17519,
    "messages": 953104,
    "cost_estimate": 165873.137446
  },
  "token_usage": {
    "input_tokens": 82168056,
    "output_tokens": 442385220,
    "cache_creation": 4377495498,
    "cache_read": 108004945306,
    "total_tokens": 112906994080,
    "sessions": 17519,
    "messages": 953104,
    "cost_estimate": 165873.137446,
    "providers": {
      "claude": {
        "input_tokens": 82168056,
        "output_tokens": 442385220,
        "cache_creation": 4377495498,
        "cache_read": 108004945306,
        "total_tokens": 112906994080,
        "sessions": 17519,
        "messages": 953104,
        "cost_estimate": 165873.137446
      },
      "other": {
        "input_tokens": 0,
        "output_tokens": 0,
        "cache_creation": 0,
        "cache_read": 0,
        "total_tokens": 0,
        "sessions": 0,
        "messages": 0,
        "cost_estimate": 0
      }
    }
  },
  "github": {
    "repos": 265,
    "commits": 11387,
    "stars": 304,
    "followers": 1,
    "following": 0,
    "contributed_repos": 82,
    "prs": 1974,
    "issues": 50,
    "loc_added": 57611935,
    "loc_deleted": 28646588,
    "loc_total": 28965347
  }
}