{
  "timestamp": "2026-06-26T23:30:36.563364",
  "claude": {
    "input_tokens": 81017881,
    "output_tokens": 431685148,
    "cache_creation": 4322414316,
    "cache_read": 106783766130,
    "total_tokens": 111618883475,
    "sessions": 17499,
    "messages": 938190,
    "cost_estimate": 163768.64254
  },
  "token_usage": {
    "input_tokens": 81017881,
    "output_tokens": 431685148,
    "cache_creation": 4322414316,
    "cache_read": 106783766130,
    "total_tokens": 111618883475,
    "sessions": 17499,
    "messages": 938190,
    "cost_estimate": 163768.64254,
    "providers": {
      "claude": {
        "input_tokens": 81017881,
        "output_tokens": 431685148,
        "cache_creation": 4322414316,
        "cache_read": 106783766130,
        "total_tokens": 111618883475,
        "sessions": 17499,
        "messages": 938190,
        "cost_estimate": 163768.64254
      },
      "other": {
        "input_tokens": 0,
        "output_tokens": 0,
        "cache_creation": 0,
        "cache_read": 0,
        "total_tokens": 0,
        "sessions": 0,
        "messages": 0,
        "cost_estimate": 0
      }
    }
  },
  "github": {
    "repos": 261,
    "commits": 11031,
    "stars": 301,
    "followers": 1,
    "following": 0,
    "contributed_repos": 79,
    "prs": 1942,
    "issues": 50,
    "loc_added": 57320641,
    "loc_deleted": 28544342,
    "loc_total": 28776453
  }
}