{
  "timestamp": "2026-06-12T02:45:32.996834",
  "claude": {
    "input_tokens": 59176005,
    "output_tokens": 332359684,
    "cache_creation": 3845904939,
    "cache_read": 94720255925,
    "messages": 813735,
    "sessions": 15169,
    "total_tokens": 98957696553,
    "cost_estimate": 143741.855885
  },
  "github": {
    "repos": 257,
    "commits": 10904,
    "stars": 297,
    "followers": 1,
    "following": 0,
    "contributed_repos": 78,
    "prs": 1790,
    "issues": 50,
    "loc_added": 54386004,
    "loc_deleted": 26967231,
    "loc_total": 27418773
  }
}