{
  "timestamp": "2026-07-05T23:30:35.216938",
  "claude": {
    "input_tokens": 97291873,
    "output_tokens": 469985091,
    "cache_creation": 4528433134,
    "cache_read": 111800313531,
    "total_tokens": 116896023629,
    "sessions": 17566,
    "messages": 989890,
    "cost_estimate": 172157.116331
  },
  "token_usage": {
    "input_tokens": 97291873,
    "output_tokens": 469985091,
    "cache_creation": 4528433134,
    "cache_read": 111800313531,
    "total_tokens": 116896023629,
    "sessions": 17566,
    "messages": 989890,
    "cost_estimate": 172157.116331,
    "providers": {
      "claude": {
        "input_tokens": 97291873,
        "output_tokens": 469985091,
        "cache_creation": 4528433134,
        "cache_read": 111800313531,
        "total_tokens": 116896023629,
        "sessions": 17566,
        "messages": 989890,
        "cost_estimate": 172157.116331
      },
      "other": {
        "input_tokens": 0,
        "output_tokens": 0,
        "cache_creation": 0,
        "cache_read": 0,
        "total_tokens": 0,
        "sessions": 0,
        "messages": 0,
        "cost_estimate": 0
      }
    }
  },
  "github": {
    "repos": 285,
    "commits": 11603,
    "stars": 307,
    "followers": 2,
    "following": 0,
    "contributed_repos": 88,
    "prs": 2038,
    "issues": 51,
    "loc_added": 57654626,
    "loc_deleted": 28652637,
    "loc_total": 29001989
  }
}