{
  "timestamp": "2026-06-15T02:53:21.386742",
  "claude": {
    "input_tokens": 64703616,
    "output_tokens": 358639031,
    "cache_creation": 3979568732,
    "cache_read": 98197087587,
    "messages": 849607,
    "sessions": 15795,
    "total_tokens": 102599998966,
    "cost_estimate": 149398.981997
  },
  "github": {
    "repos": 258,
    "commits": 10904,
    "stars": 300,
    "followers": 1,
    "following": 0,
    "contributed_repos": 78,
    "prs": 1815,
    "issues": 50,
    "loc_added": 57061445,
    "loc_deleted": 28478904,
    "loc_total": 28582541
  }
}