{
  "timestamp": "2026-06-06T23:30:03.219916",
  "claude": {
    "input_tokens": 57039025,
    "output_tokens": 320936594,
    "cache_creation": 3782877253,
    "cache_read": 92800940540,
    "messages": 793482,
    "sessions": 14910,
    "total_tokens": 96961793412,
    "cost_estimate": 140828.20114
  },
  "github": {
    "repos": 256,
    "commits": 10904,
    "stars": 294,
    "followers": 1,
    "following": 0,
    "contributed_repos": 78,
    "prs": 1719,
    "issues": 50,
    "loc_added": 54335838,
    "loc_deleted": 26945514,
    "loc_total": 27390324
  }
}