{
  "timestamp": "2026-05-10T04:04:06.733105",
  "claude": {
    "input_tokens": 38106533,
    "output_tokens": 140315661,
    "cache_creation": 2990855050,
    "cache_read": 67109080517,
    "messages": 572323,
    "sessions": 12315,
    "total_tokens": 70278357761,
    "cost_estimate": 101608.16617699999
  },
  "github": {
    "repos": 256,
    "commits": 9668,
    "stars": 279,
    "followers": 1,
    "following": 0,
    "contributed_repos": 74,
    "prs": 1224,
    "issues": 49,
    "loc_added": 15449601,
    "loc_deleted": 8089596,
    "loc_total": 7405089
  }
}