{
  "timestamp": "2026-04-27T04:04:31.353103",
  "claude": {
    "input_tokens": 37093792,
    "output_tokens": 88102528,
    "cache_creation": 2720991873,
    "cache_read": 54633989270,
    "messages": 492410,
    "sessions": 11837,
    "total_tokens": 57480177463,
    "cost_estimate": 84857.92176
  },
  "github": {
    "repos": 246,
    "commits": 9030,
    "stars": 270,
    "followers": 1,
    "following": 0,
    "contributed_repos": 69,
    "prs": 989,
    "issues": 46,
    "loc_added": 15449601,
    "loc_deleted": 8089596,
    "loc_total": 7405089
  }
}