{
  "timestamp": "2026-05-23T04:04:10.206502",
  "claude": {
    "input_tokens": 40488370,
    "output_tokens": 202751831,
    "cache_creation": 3272571420,
    "cache_read": 76126361108,
    "messages": 647287,
    "sessions": 12957,
    "total_tokens": 79642172729,
    "cost_estimate": 115339.51393799999
  },
  "github": {
    "repos": 260,
    "commits": 10089,
    "stars": 282,
    "followers": 1,
    "following": 0,
    "contributed_repos": 77,
    "prs": 1379,
    "issues": 49,
    "loc_added": 15449601,
    "loc_deleted": 8089596,
    "loc_total": 7405089
  }
}