{
  "timestamp": "2026-07-15T23:31:07.187755",
  "claude": {
    "input_tokens": 109217106,
    "output_tokens": 512748353,
    "cache_creation": 4756131273,
    "cache_read": 117903397284,
    "total_tokens": 123281494016,
    "sessions": 17646,
    "messages": 1041310,
    "cost_estimate": 181939.331664
  },
  "token_usage": {
    "input_tokens": 109217106,
    "output_tokens": 512748353,
    "cache_creation": 4756131273,
    "cache_read": 117903397284,
    "total_tokens": 123281494016,
    "sessions": 17646,
    "messages": 1041310,
    "cost_estimate": 181939.331664,
    "providers": {
      "claude": {
        "input_tokens": 109217106,
        "output_tokens": 512748353,
        "cache_creation": 4756131273,
        "cache_read": 117903397284,
        "total_tokens": 123281494016,
        "sessions": 17646,
        "messages": 1041310,
        "cost_estimate": 181939.331664
      },
      "other": {
        "input_tokens": 0,
        "output_tokens": 0,
        "cache_creation": 0,
        "cache_read": 0,
        "total_tokens": 0,
        "sessions": 0,
        "messages": 0,
        "cost_estimate": 0
      }
    }
  },
  "github": {
    "repos": 292,
    "commits": 11935,
    "stars": 309,
    "followers": 3,
    "following": 0,
    "contributed_repos": 94,
    "prs": 2260,
    "issues": 51,
    "loc_added": 61262284,
    "loc_deleted": 30264627,
    "loc_total": 30997657
  }
}