{
  "timestamp": "2026-07-08T23:30:54.036150",
  "claude": {
    "input_tokens": 98641095,
    "output_tokens": 477508445,
    "cache_creation": 4567593542,
    "cache_read": 112696213944,
    "total_tokens": 117839957026,
    "sessions": 17590,
    "messages": 997396,
    "cost_estimate": 173683.81366400002
  },
  "token_usage": {
    "input_tokens": 98641095,
    "output_tokens": 477508445,
    "cache_creation": 4567593542,
    "cache_read": 112696213944,
    "total_tokens": 117839957026,
    "sessions": 17590,
    "messages": 997396,
    "cost_estimate": 173683.81366400002,
    "providers": {
      "claude": {
        "input_tokens": 98641095,
        "output_tokens": 477508445,
        "cache_creation": 4567593542,
        "cache_read": 112696213944,
        "total_tokens": 117839957026,
        "sessions": 17590,
        "messages": 997396,
        "cost_estimate": 173683.81366400002
      },
      "other": {
        "input_tokens": 0,
        "output_tokens": 0,
        "cache_creation": 0,
        "cache_read": 0,
        "total_tokens": 0,
        "sessions": 0,
        "messages": 0,
        "cost_estimate": 0
      }
    }
  },
  "github": {
    "repos": 285,
    "commits": 11648,
    "stars": 309,
    "followers": 3,
    "following": 0,
    "contributed_repos": 88,
    "prs": 2064,
    "issues": 51,
    "loc_added": 57654626,
    "loc_deleted": 28668031,
    "loc_total": 29001989
  }
}