{
  "timestamp": "2026-07-02T23:30:49.678291",
  "claude": {
    "input_tokens": 91310497,
    "output_tokens": 457159481,
    "cache_creation": 4463282235,
    "cache_read": 109809066398,
    "total_tokens": 114820818611,
    "sessions": 17547,
    "messages": 971221,
    "cost_estimate": 169069.778148
  },
  "token_usage": {
    "input_tokens": 91310497,
    "output_tokens": 457159481,
    "cache_creation": 4463282235,
    "cache_read": 109809066398,
    "total_tokens": 114820818611,
    "sessions": 17547,
    "messages": 971221,
    "cost_estimate": 169069.778148,
    "providers": {
      "claude": {
        "input_tokens": 91310497,
        "output_tokens": 457159481,
        "cache_creation": 4463282235,
        "cache_read": 109809066398,
        "total_tokens": 114820818611,
        "sessions": 17547,
        "messages": 971221,
        "cost_estimate": 169069.778148
      },
      "other": {
        "input_tokens": 0,
        "output_tokens": 0,
        "cache_creation": 0,
        "cache_read": 0,
        "total_tokens": 0,
        "sessions": 0,
        "messages": 0,
        "cost_estimate": 0
      }
    }
  },
  "github": {
    "repos": 285,
    "commits": 11475,
    "stars": 306,
    "followers": 1,
    "following": 0,
    "contributed_repos": 86,
    "prs": 1999,
    "issues": 50,
    "loc_added": 57654626,
    "loc_deleted": 28652637,
    "loc_total": 29001989
  }
}