{
  "timestamp": "2026-06-02T04:05:17.638063",
  "claude": {
    "input_tokens": 44858965,
    "output_tokens": 250318122,
    "cache_creation": 3499269627,
    "cache_read": 84620276062,
    "messages": 717188,
    "sessions": 13707,
    "total_tokens": 88414722776,
    "cost_estimate": 127571.10564200001
  },
  "github": {
    "repos": 266,
    "commits": 10465,
    "stars": 282,
    "followers": 1,
    "following": 0,
    "contributed_repos": 77,
    "prs": 1531,
    "issues": 49,
    "loc_added": 15449601,
    "loc_deleted": 8089596,
    "loc_total": 7405089
  }
}