{
  "timestamp": "2026-07-14T01:44:54.169056",
  "claude": {
    "input_tokens": 109092009,
    "output_tokens": 507671202,
    "cache_creation": 4721092548,
    "cache_read": 117124013230,
    "total_tokens": 122461868989,
    "sessions": 17627,
    "messages": 1035718,
    "cost_estimate": 180655.99485999998
  },
  "github": {
    "repos": 290,
    "commits": 11849,
    "stars": 307,
    "followers": 3,
    "following": 0,
    "contributed_repos": 91,
    "prs": 2217,
    "issues": 51,
    "loc_added": 61262284,
    "loc_deleted": 30264627,
    "loc_total": 30997657
  }
}