{
  "timestamp": "2026-07-19T04:00:28.573658",
  "claude": {
    "input_tokens": 109290655,
    "output_tokens": 521985237,
    "cache_creation": 4797656534,
    "cache_read": 119326030318,
    "total_tokens": 124754962744,
    "sessions": 17672,
    "messages": 1052096,
    "cost_estimate": 184055.059318
  },
  "token_usage": {
    "input_tokens": 1703249684,
    "output_tokens": 649690494,
    "cache_creation": 4797656534,
    "cache_read": 151597536238,
    "total_tokens": 158748132950,
    "sessions": 17672,
    "messages": 1052096,
    "cost_estimate": 222776.51360910002,
    "providers": {
      "claude": {
        "input_tokens": 109290655,
        "output_tokens": 521985237,
        "cache_creation": 4797656534,
        "cache_read": 119326030318,
        "total_tokens": 124754962744,
        "sessions": 17672,
        "messages": 1052096,
        "cost_estimate": 184055.059318
      },
      "other": {
        "input_tokens": 1593959029,
        "output_tokens": 127705257,
        "cache_creation": 0,
        "cache_read": 32271505920,
        "total_tokens": 33993170206,
        "sessions": 0,
        "messages": 0,
        "cost_estimate": 38721.4542911
      }
    }
  },
  "github": {
    "repos": 292,
    "commits": 11935,
    "stars": 309,
    "followers": 3,
    "following": 0,
    "contributed_repos": 94,
    "prs": 2260,
    "issues": 51,
    "loc_added": 61262284,
    "loc_deleted": 30264627,
    "loc_total": 30997657
  }
}