{
  "timestamp": "2026-07-08T01:55:51.532135",
  "claude": {
    "input_tokens": 97572191,
    "output_tokens": 472227238,
    "cache_creation": 4539032317,
    "cache_read": 112096962280,
    "total_tokens": 117205794026,
    "sessions": 17573,
    "messages": 992333,
    "cost_estimate": 172629.82450000002
  },
  "github": {
    "repos": 285,
    "commits": 11629,
    "stars": 308,
    "followers": 3,
    "following": 0,
    "contributed_repos": 88,
    "prs": 2050,
    "issues": 51,
    "loc_added": 57654626,
    "loc_deleted": 28652637,
    "loc_total": 29001989
  }
}