{
  "timestamp": "2026-06-09T23:31:23.077924",
  "claude": {
    "input_tokens": 58063706,
    "output_tokens": 327819336,
    "cache_creation": 3808583526,
    "cache_read": 93493951867,
    "messages": 799430,
    "sessions": 14971,
    "total_tokens": 97688418435,
    "cost_estimate": 141995.004267
  },
  "github": {
    "repos": 256,
    "commits": 10904,
    "stars": 296,
    "followers": 1,
    "following": 0,
    "contributed_repos": 78,
    "prs": 1733,
    "issues": 50,
    "loc_added": 54382672,
    "loc_deleted": 26966623,
    "loc_total": 27416049
  }
}