{
  "timestamp": "2026-05-16T04:04:53.615824",
  "claude": {
    "input_tokens": 38619926,
    "output_tokens": 161984262,
    "cache_creation": 3123432101,
    "cache_read": 71819365332,
    "messages": 610892,
    "sessions": 12637,
    "total_tokens": 75143401621,
    "cost_estimate": 108299.413462
  },
  "github": {
    "repos": 257,
    "commits": 9812,
    "stars": 279,
    "followers": 1,
    "following": 0,
    "contributed_repos": 74,
    "prs": 1295,
    "issues": 49,
    "loc_added": 15449601,
    "loc_deleted": 8089596,
    "loc_total": 7405089
  }
}