{
  "timestamp": "2026-06-30T02:36:47.628053",
  "claude": {
    "input_tokens": 81710855,
    "output_tokens": 438299021,
    "cache_creation": 4353228628,
    "cache_read": 107499365602,
    "total_tokens": 112372604106,
    "sessions": 17507,
    "messages": 947142,
    "cost_estimate": 164997.731062
  },
  "github": {
    "repos": 265,
    "commits": 11387,
    "stars": 304,
    "followers": 1,
    "following": 0,
    "contributed_repos": 82,
    "prs": 1974,
    "issues": 50,
    "loc_added": 57611935,
    "loc_deleted": 28646588,
    "loc_total": 28965347
  }
}