{
  "timestamp": "2026-07-06T04:07:16.964984",
  "claude": {
    "input_tokens": 97298554,
    "output_tokens": 470041791,
    "cache_creation": 4528740415,
    "cache_read": 111815531214,
    "total_tokens": 116911611974,
    "sessions": 17566,
    "messages": 990026,
    "cost_estimate": 172177.174634
  },
  "token_usage": {
    "input_tokens": 1471724470,
    "output_tokens": 579605240,
    "cache_creation": 4528740415,
    "cache_read": 136720393806,
    "total_tokens": 143300463931,
    "sessions": 17566,
    "messages": 990026,
    "cost_estimate": 199312.6494461,
    "providers": {
      "claude": {
        "input_tokens": 97298554,
        "output_tokens": 470041791,
        "cache_creation": 4528740415,
        "cache_read": 111815531214,
        "total_tokens": 116911611974,
        "sessions": 17566,
        "messages": 990026,
        "cost_estimate": 172177.174634
      },
      "other": {
        "input_tokens": 1374425916,
        "output_tokens": 109563449,
        "cache_creation": 0,
        "cache_read": 24904862592,
        "total_tokens": 26388851957,
        "sessions": 0,
        "messages": 0,
        "cost_estimate": 27135.4748121
      }
    }
  },
  "github": {
    "repos": 285,
    "commits": 11606,
    "stars": 308,
    "followers": 2,
    "following": 0,
    "contributed_repos": 88,
    "prs": 2042,
    "issues": 51,
    "loc_added": 57654626,
    "loc_deleted": 28652637,
    "loc_total": 29001989
  }
}