{
  "timestamp": "2026-06-05T02:37:30.765697",
  "claude": {
    "input_tokens": 49879320,
    "output_tokens": 279434495,
    "cache_creation": 3616840559,
    "cache_read": 88271768326,
    "messages": 751969,
    "sessions": 14179,
    "total_tokens": 92217922700,
    "cost_estimate": 133322.001966
  },
  "github": {
    "repos": 255,
    "commits": 10904,
    "stars": 290,
    "followers": 1,
    "following": 0,
    "contributed_repos": 78,
    "prs": 1658,
    "issues": 50,
    "loc_added": 15449601,
    "loc_deleted": 8089596,
    "loc_total": 7405089
  }
}