{
  "timestamp": "2026-07-21T01:48:32.437154",
  "claude": {
    "input_tokens": 109307645,
    "output_tokens": 524028923,
    "cache_creation": 4806618262,
    "cache_read": 119668405265,
    "total_tokens": 125108360095,
    "sessions": 17677,
    "messages": 1054398,
    "cost_estimate": 184548.532025
  },
  "github": {
    "repos": 292,
    "commits": 11935,
    "stars": 309,
    "followers": 3,
    "following": 0,
    "contributed_repos": 94,
    "prs": 2260,
    "issues": 51,
    "loc_added": 61262284,
    "loc_deleted": 30264627,
    "loc_total": 30997657
  }
}