{
  "timestamp": "2026-04-17T04:04:23.339491",
  "claude": {
    "input_tokens": 36070620,
    "output_tokens": 55994359,
    "cache_creation": 2532657983,
    "cache_read": 48426601871,
    "messages": 441358,
    "sessions": 11422,
    "total_tokens": 51051324833,
    "cost_estimate": 75793.718671
  },
  "github": {
    "repos": 240,
    "commits": 8808,
    "stars": 264,
    "followers": 1,
    "following": 0,
    "contributed_repos": 68,
    "prs": 928,
    "issues": 45,
    "loc_added": 15449601,
    "loc_deleted": 8089596,
    "loc_total": 7405089
  }
}