{
  "timestamp": "2026-06-10T23:31:06.190941",
  "claude": {
    "input_tokens": 59144211,
    "output_tokens": 332169821,
    "cache_creation": 3845577152,
    "cache_read": 94656762934,
    "messages": 813444,
    "sessions": 15169,
    "total_tokens": 98893654118,
    "cost_estimate": 143669.071194
  },
  "github": {
    "repos": 257,
    "commits": 10904,
    "stars": 297,
    "followers": 1,
    "following": 0,
    "contributed_repos": 78,
    "prs": 1747,
    "issues": 50,
    "loc_added": 54386004,
    "loc_deleted": 26967231,
    "loc_total": 27418773
  }
}