{
  "timestamp": "2026-07-11T01:53:50.853365",
  "claude": {
    "input_tokens": 100306635,
    "output_tokens": 483186230,
    "cache_creation": 4597410300,
    "cache_read": 113399000554,
    "total_tokens": 118579903719,
    "sessions": 17601,
    "messages": 1003236,
    "cost_estimate": 174871.756804
  },
  "github": {
    "repos": 286,
    "commits": 11754,
    "stars": 308,
    "followers": 3,
    "following": 0,
    "contributed_repos": 89,
    "prs": 2134,
    "issues": 51,
    "loc_added": 60815619,
    "loc_deleted": 30217151,
    "loc_total": 30598468
  }
}