{
  "timestamp": "2026-06-03T23:30:19.392418",
  "claude": {
    "input_tokens": 49392837,
    "output_tokens": 276915299,
    "cache_creation": 3603499131,
    "cache_read": 87968149585,
    "messages": 747959,
    "sessions": 14091,
    "total_tokens": 91897956852,
    "cost_estimate": 132804.528235
  },
  "github": {
    "repos": 264,
    "commits": 10900,
    "stars": 295,
    "followers": 1,
    "following": 0,
    "contributed_repos": 78,
    "prs": 1624,
    "issues": 50,
    "loc_added": 15449601,
    "loc_deleted": 8089596,
    "loc_total": 7405089
  }
}