{
  "timestamp": "2026-04-12T04:00:37.779096",
  "claude": {
    "input_tokens": 35571443,
    "output_tokens": 38318227,
    "cache_creation": 2425253331,
    "cache_read": 42052793624,
    "messages": 414448,
    "sessions": 11266,
    "total_tokens": 44551936625,
    "cost_estimate": 67810.588174
  },
  "github": {
    "repos": 237,
    "commits": 8394,
    "stars": 253,
    "followers": 1,
    "following": 0,
    "contributed_repos": 66,
    "prs": 837,
    "issues": 45,
    "loc_added": 15449601,
    "loc_deleted": 8089596,
    "loc_total": 7405089
  }
}