{
  "timestamp": "2026-06-27T23:30:33.387667",
  "claude": {
    "input_tokens": 81221978,
    "output_tokens": 433508801,
    "cache_creation": 4330806594,
    "cache_read": 107015267364,
    "total_tokens": 111860804737,
    "sessions": 17501,
    "messages": 940737,
    "cost_estimate": 164140.817114
  },
  "token_usage": {
    "input_tokens": 81221978,
    "output_tokens": 433508801,
    "cache_creation": 4330806594,
    "cache_read": 107015267364,
    "total_tokens": 111860804737,
    "sessions": 17501,
    "messages": 940737,
    "cost_estimate": 164140.817114,
    "providers": {
      "claude": {
        "input_tokens": 81221978,
        "output_tokens": 433508801,
        "cache_creation": 4330806594,
        "cache_read": 107015267364,
        "total_tokens": 111860804737,
        "sessions": 17501,
        "messages": 940737,
        "cost_estimate": 164140.817114
      },
      "other": {
        "input_tokens": 0,
        "output_tokens": 0,
        "cache_creation": 0,
        "cache_read": 0,
        "total_tokens": 0,
        "sessions": 0,
        "messages": 0,
        "cost_estimate": 0
      }
    }
  },
  "github": {
    "repos": 265,
    "commits": 11364,
    "stars": 304,
    "followers": 1,
    "following": 0,
    "contributed_repos": 82,
    "prs": 1957,
    "issues": 50,
    "loc_added": 57320641,
    "loc_deleted": 28544342,
    "loc_total": 28776453
  }
}