{
  "timestamp": "2026-04-25T04:05:39.028184",
  "claude": {
    "input_tokens": 36989891,
    "output_tokens": 83781491,
    "cache_creation": 2699356475,
    "cache_read": 53916786037,
    "messages": 487673,
    "sessions": 11798,
    "total_tokens": 56736913894,
    "cost_estimate": 83793.694427
  },
  "github": {
    "repos": 246,
    "commits": 9003,
    "stars": 270,
    "followers": 1,
    "following": 0,
    "contributed_repos": 69,
    "prs": 979,
    "issues": 46,
    "loc_added": 15449601,
    "loc_deleted": 8089596,
    "loc_total": 7405089
  }
}