{
  "timestamp": "2026-05-12T04:04:45.576593",
  "claude": {
    "input_tokens": 38217505,
    "output_tokens": 143465441,
    "cache_creation": 3009592004,
    "cache_read": 67762466667,
    "messages": 577306,
    "sessions": 12360,
    "total_tokens": 70953741617,
    "cost_estimate": 102544.524987
  },
  "github": {
    "repos": 257,
    "commits": 9687,
    "stars": 279,
    "followers": 1,
    "following": 0,
    "contributed_repos": 74,
    "prs": 1243,
    "issues": 49,
    "loc_added": 15449601,
    "loc_deleted": 8089596,
    "loc_total": 7405089
  }
}