{
  "timestamp": "2026-04-13T04:03:20.870075",
  "claude": {
    "input_tokens": 35603071,
    "output_tokens": 39467184,
    "cache_creation": 2435761073,
    "cache_read": 42683270671,
    "messages": 417177,
    "sessions": 11281,
    "total_tokens": 45194101999,
    "cost_estimate": 68580.927631
  },
  "github": {
    "repos": 237,
    "commits": 8452,
    "stars": 257,
    "followers": 1,
    "following": 0,
    "contributed_repos": 67,
    "prs": 843,
    "issues": 45,
    "loc_added": 15449601,
    "loc_deleted": 8089596,
    "loc_total": 7405089
  }
}