{
  "timestamp": "2026-06-07T23:30:43.628277",
  "claude": {
    "input_tokens": 57733882,
    "output_tokens": 326100307,
    "cache_creation": 3802330199,
    "cache_read": 93324591314,
    "messages": 798351,
    "sessions": 14967,
    "total_tokens": 97510755702,
    "cost_estimate": 141708.24133400002
  },
  "github": {
    "repos": 256,
    "commits": 10904,
    "stars": 294,
    "followers": 1,
    "following": 0,
    "contributed_repos": 78,
    "prs": 1727,
    "issues": 50,
    "loc_added": 54335838,
    "loc_deleted": 26945514,
    "loc_total": 27390324
  }
}