{
  "timestamp": "2026-07-09T02:08:45.215551",
  "claude": {
    "input_tokens": 97899608,
    "output_tokens": 474459006,
    "cache_creation": 4548989568,
    "cache_read": 112354942692,
    "total_tokens": 117476290874,
    "sessions": 17582,
    "messages": 994514,
    "cost_estimate": 173057.604632
  },
  "github": {
    "repos": 285,
    "commits": 11648,
    "stars": 309,
    "followers": 3,
    "following": 0,
    "contributed_repos": 88,
    "prs": 2064,
    "issues": 51,
    "loc_added": 57654626,
    "loc_deleted": 28668031,
    "loc_total": 29001989
  }
}