{
  "timestamp": "2026-07-04T02:04:22.882280",
  "claude": {
    "input_tokens": 91431365,
    "output_tokens": 457594833,
    "cache_creation": 4464740086,
    "cache_read": 109891724146,
    "total_tokens": 114905490430,
    "sessions": 17547,
    "messages": 971647,
    "cost_estimate": 169181.283646
  },
  "github": {
    "repos": 285,
    "commits": 11550,
    "stars": 306,
    "followers": 1,
    "following": 0,
    "contributed_repos": 88,
    "prs": 2011,
    "issues": 51,
    "loc_added": 57654626,
    "loc_deleted": 28652637,
    "loc_total": 29001989
  }
}