{
  "timestamp": "2026-05-15T04:05:32.174468",
  "claude": {
    "input_tokens": 38575553,
    "output_tokens": 159129332,
    "cache_creation": 3103709002,
    "cache_read": 71311599278,
    "messages": 606846,
    "sessions": 12604,
    "total_tokens": 74613013165,
    "cost_estimate": 107508.324788
  },
  "github": {
    "repos": 257,
    "commits": 9805,
    "stars": 279,
    "followers": 1,
    "following": 0,
    "contributed_repos": 74,
    "prs": 1289,
    "issues": 49,
    "loc_added": 15449601,
    "loc_deleted": 8089596,
    "loc_total": 7405089
  }
}