{
  "timestamp": "2026-07-13T01:58:12.422184",
  "claude": {
    "input_tokens": 108995683,
    "output_tokens": 502191854,
    "cache_creation": 4690696296,
    "cache_read": 116135550043,
    "total_tokens": 121437433876,
    "sessions": 17620,
    "messages": 1027511,
    "cost_estimate": 179198.225453
  },
  "github": {
    "repos": 290,
    "commits": 11821,
    "stars": 307,
    "followers": 3,
    "following": 0,
    "contributed_repos": 91,
    "prs": 2190,
    "issues": 51,
    "loc_added": 60815619,
    "loc_deleted": 30217151,
    "loc_total": 30598468
  }
}