{
  "timestamp": "2026-06-05T23:30:03.966372",
  "claude": {
    "input_tokens": 55478928,
    "output_tokens": 309977631,
    "cache_creation": 3747104868,
    "cache_read": 91420650032,
    "messages": 784132,
    "sessions": 14842,
    "total_tokens": 95533211459,
    "cost_estimate": 138745.816922
  },
  "github": {
    "repos": 255,
    "commits": 10904,
    "stars": 291,
    "followers": 1,
    "following": 0,
    "contributed_repos": 78,
    "prs": 1705,
    "issues": 50,
    "loc_added": 15449601,
    "loc_deleted": 8089596,
    "loc_total": 7405089
  }
}