{
  "timestamp": "2026-06-23T04:06:03.324732",
  "claude": {
    "input_tokens": 76420206,
    "output_tokens": 406869716,
    "cache_creation": 4213225735,
    "cache_read": 104344359495,
    "messages": 910921,
    "sessions": 17124,
    "total_tokens": 109040875152,
    "cost_estimate": 159446.910385
  },
  "github": {
    "repos": 260,
    "commits": 11003,
    "stars": 299,
    "followers": 1,
    "following": 0,
    "contributed_repos": 78,
    "prs": 1924,
    "issues": 50,
    "loc_added": 57248336,
    "loc_deleted": 28537967,
    "loc_total": 28710369
  }
}