{
  "timestamp": "2026-05-25T02:38:14.784783",
  "claude": {
    "input_tokens": 35037517,
    "output_tokens": 32337339,
    "cache_creation": 2364188451,
    "cache_read": 40067290527,
    "messages": 403135,
    "sessions": 11163,
    "total_tokens": 42498853834,
    "cost_estimate": 65029.670376999995
  },
  "github": {
    "repos": 261,
    "commits": 10199,
    "stars": 282,
    "followers": 1,
    "following": 0,
    "contributed_repos": 77,
    "prs": 1399,
    "issues": 49,
    "loc_added": 15449601,
    "loc_deleted": 8089596,
    "loc_total": 7405089
  }
}