{
  "timestamp": "2026-06-19T23:30:02.777376",
  "claude": {
    "input_tokens": 71821955,
    "output_tokens": 386977388,
    "cache_creation": 4113660545,
    "cache_read": 101540995040,
    "messages": 884814,
    "sessions": 16655,
    "total_tokens": 106113454928,
    "cost_estimate": 155005.14168
  },
  "github": {
    "repos": 259,
    "commits": 10904,
    "stars": 299,
    "followers": 1,
    "following": 0,
    "contributed_repos": 78,
    "prs": 1900,
    "issues": 50,
    "loc_added": 57196558,
    "loc_deleted": 28504895,
    "loc_total": 28691663
  }
}