{
  "timestamp": "2026-06-25T04:06:07.581532",
  "claude": {
    "input_tokens": 79579166,
    "output_tokens": 421062285,
    "cache_creation": 4270866742,
    "cache_read": 105788775798,
    "messages": 926236,
    "sessions": 17394,
    "total_tokens": 110560283991,
    "cost_estimate": 161925.103428
  },
  "github": {
    "repos": 261,
    "commits": 11031,
    "stars": 299,
    "followers": 1,
    "following": 0,
    "contributed_repos": 79,
    "prs": 1942,
    "issues": 50,
    "loc_added": 57248336,
    "loc_deleted": 28544342,
    "loc_total": 28710369
  }
}