{
  "timestamp": "2026-07-23T23:31:16.070135",
  "claude": {
    "input_tokens": 109409600,
    "output_tokens": 533732818,
    "cache_creation": 4854453586,
    "cache_read": 121453395544,
    "total_tokens": 126950991548,
    "sessions": 17708,
    "messages": 1068193,
    "cost_estimate": 187104.011944
  },
  "token_usage": {
    "input_tokens": 109409600,
    "output_tokens": 533732818,
    "cache_creation": 4854453586,
    "cache_read": 121453395544,
    "total_tokens": 126950991548,
    "sessions": 17708,
    "messages": 1068193,
    "cost_estimate": 187104.011944,
    "providers": {
      "claude": {
        "input_tokens": 109409600,
        "output_tokens": 533732818,
        "cache_creation": 4854453586,
        "cache_read": 121453395544,
        "total_tokens": 126950991548,
        "sessions": 17708,
        "messages": 1068193,
        "cost_estimate": 187104.011944
      },
      "other": {
        "input_tokens": 0,
        "output_tokens": 0,
        "cache_creation": 0,
        "cache_read": 0,
        "total_tokens": 0,
        "sessions": 0,
        "messages": 0,
        "cost_estimate": 0
      }
    }
  },
  "github": {
    "repos": 297,
    "commits": 12193,
    "stars": 311,
    "followers": 3,
    "following": 0,
    "contributed_repos": 97,
    "prs": 2384,
    "issues": 55,
    "loc_added": 61648270,
    "loc_deleted": 55868313,
    "loc_total": 30997657
  }
}