{
  "timestamp": "2026-05-08T04:04:58.787164",
  "claude": {
    "input_tokens": 38075349,
    "output_tokens": 139499337,
    "cache_creation": 2987032290,
    "cache_read": 66977610025,
    "messages": 571198,
    "sessions": 12302,
    "total_tokens": 70142217001,
    "cost_estimate": 101413.66652500001
  },
  "github": {
    "repos": 256,
    "commits": 9659,
    "stars": 279,
    "followers": 1,
    "following": 0,
    "contributed_repos": 74,
    "prs": 1213,
    "issues": 49,
    "loc_added": 15449601,
    "loc_deleted": 8089596,
    "loc_total": 7405089
  }
}