{
  "timestamp": "2026-06-13T23:30:03.140311",
  "claude": {
    "input_tokens": 64501769,
    "output_tokens": 357857227,
    "cache_creation": 3972217796,
    "cache_read": 98043892387,
    "messages": 847454,
    "sessions": 15704,
    "total_tokens": 102438469179,
    "cost_estimate": 149146.804847
  },
  "github": {
    "repos": 257,
    "commits": 10904,
    "stars": 300,
    "followers": 1,
    "following": 0,
    "contributed_repos": 78,
    "prs": 1814,
    "issues": 50,
    "loc_added": 57027237,
    "loc_deleted": 28477610,
    "loc_total": 28549627
  }
}