{
  "timestamp": "2026-04-24T09:33:43.881488",
  "claude": {
    "input_tokens": 36901527,
    "output_tokens": 82260860,
    "cache_creation": 2688081979,
    "cache_read": 53629620137,
    "messages": 484644,
    "sessions": 11769,
    "total_tokens": 56436864503,
    "cost_estimate": 83347.280997
  },
  "github": {
    "repos": 244,
    "commits": 8996,
    "stars": 270,
    "followers": 1,
    "following": 0,
    "contributed_repos": 69,
    "prs": 977,
    "issues": 45,
    "loc_added": 15449601,
    "loc_deleted": 8089596,
    "loc_total": 7405089
  }
}