{
  "timestamp": "2026-04-30T04:04:48.140382",
  "claude": {
    "input_tokens": 37596107,
    "output_tokens": 106991476,
    "cache_creation": 2822720917,
    "cache_read": 59124880102,
    "messages": 519462,
    "sessions": 11985,
    "total_tokens": 62092188602,
    "cost_estimate": 90937.794622
  },
  "github": {
    "repos": 248,
    "commits": 9255,
    "stars": 276,
    "followers": 1,
    "following": 0,
    "contributed_repos": 69,
    "prs": 1025,
    "issues": 46,
    "loc_added": 15449601,
    "loc_deleted": 8089596,
    "loc_total": 7405089
  }
}