{
  "timestamp": "2026-06-15T23:30:03.863503",
  "claude": {
    "input_tokens": 67027408,
    "output_tokens": 369005890,
    "cache_creation": 4038653346,
    "cache_read": 99366390805,
    "messages": 864382,
    "sessions": 16257,
    "total_tokens": 103841077449,
    "cost_estimate": 151493.375045
  },
  "github": {
    "repos": 258,
    "commits": 10904,
    "stars": 300,
    "followers": 1,
    "following": 0,
    "contributed_repos": 78,
    "prs": 1827,
    "issues": 50,
    "loc_added": 57061445,
    "loc_deleted": 28478904,
    "loc_total": 28582541
  }
}