{
  "timestamp": "2026-05-06T04:04:30.523895",
  "claude": {
    "input_tokens": 37988819,
    "output_tokens": 134068688,
    "cache_creation": 2960355415,
    "cache_read": 65633424731,
    "messages": 562265,
    "sessions": 12242,
    "total_tokens": 68765837653,
    "cost_estimate": 99638.92771100001
  },
  "github": {
    "repos": 253,
    "commits": 9553,
    "stars": 279,
    "followers": 1,
    "following": 0,
    "contributed_repos": 73,
    "prs": 1180,
    "issues": 46,
    "loc_added": 15449601,
    "loc_deleted": 8089596,
    "loc_total": 7405089
  }
}