{
  "timestamp": "2026-07-06T23:30:54.406178",
  "claude": {
    "input_tokens": 97572191,
    "output_tokens": 472227238,
    "cache_creation": 4539032317,
    "cache_read": 112096962280,
    "total_tokens": 117205794026,
    "sessions": 17573,
    "messages": 992333,
    "cost_estimate": 172629.82450000002
  },
  "token_usage": {
    "input_tokens": 97572191,
    "output_tokens": 472227238,
    "cache_creation": 4539032317,
    "cache_read": 112096962280,
    "total_tokens": 117205794026,
    "sessions": 17573,
    "messages": 992333,
    "cost_estimate": 172629.82450000002,
    "providers": {
      "claude": {
        "input_tokens": 97572191,
        "output_tokens": 472227238,
        "cache_creation": 4539032317,
        "cache_read": 112096962280,
        "total_tokens": 117205794026,
        "sessions": 17573,
        "messages": 992333,
        "cost_estimate": 172629.82450000002
      },
      "other": {
        "input_tokens": 0,
        "output_tokens": 0,
        "cache_creation": 0,
        "cache_read": 0,
        "total_tokens": 0,
        "sessions": 0,
        "messages": 0,
        "cost_estimate": 0
      }
    }
  },
  "github": {
    "repos": 284,
    "commits": 11623,
    "stars": 308,
    "followers": 3,
    "following": 0,
    "contributed_repos": 88,
    "prs": 2044,
    "issues": 51,
    "loc_added": 57654626,
    "loc_deleted": 28652637,
    "loc_total": 29001989
  }
}