{
  "timestamp": "2026-07-13T23:31:24.560228",
  "claude": {
    "input_tokens": 109182544,
    "output_tokens": 509945685,
    "cache_creation": 4733975513,
    "cache_read": 117477604124,
    "total_tokens": 122830707866,
    "sessions": 17634,
    "messages": 1037973,
    "cost_estimate": 181207.555244
  },
  "token_usage": {
    "input_tokens": 109182544,
    "output_tokens": 509945685,
    "cache_creation": 4733975513,
    "cache_read": 117477604124,
    "total_tokens": 122830707866,
    "sessions": 17634,
    "messages": 1037973,
    "cost_estimate": 181207.555244,
    "providers": {
      "claude": {
        "input_tokens": 109182544,
        "output_tokens": 509945685,
        "cache_creation": 4733975513,
        "cache_read": 117477604124,
        "total_tokens": 122830707866,
        "sessions": 17634,
        "messages": 1037973,
        "cost_estimate": 181207.555244
      },
      "other": {
        "input_tokens": 0,
        "output_tokens": 0,
        "cache_creation": 0,
        "cache_read": 0,
        "total_tokens": 0,
        "sessions": 0,
        "messages": 0,
        "cost_estimate": 0
      }
    }
  },
  "github": {
    "repos": 290,
    "commits": 11849,
    "stars": 307,
    "followers": 3,
    "following": 0,
    "contributed_repos": 91,
    "prs": 2217,
    "issues": 51,
    "loc_added": 61262284,
    "loc_deleted": 30264627,
    "loc_total": 30997657
  }
}