{
  "timestamp": "2026-07-24T01:54:59.068899",
  "claude": {
    "input_tokens": 109407729,
    "output_tokens": 533061281,
    "cache_creation": 4851813503,
    "cache_read": 121353351615,
    "total_tokens": 126847634128,
    "sessions": 17702,
    "messages": 1067247,
    "cost_estimate": 186957.402365
  },
  "github": {
    "repos": 297,
    "commits": 12193,
    "stars": 311,
    "followers": 3,
    "following": 0,
    "contributed_repos": 97,
    "prs": 2384,
    "issues": 55,
    "loc_added": 61648270,
    "loc_deleted": 55868313,
    "loc_total": 30997657
  }
}