{
  "timestamp": "2026-07-22T01:52:33.595464",
  "claude": {
    "input_tokens": 109354254,
    "output_tokens": 527491581,
    "cache_creation": 4824379090,
    "cache_read": 120262124936,
    "total_tokens": 125723349861,
    "sessions": 17694,
    "messages": 1059176,
    "cost_estimate": 185424.20580599998
  },
  "github": {
    "repos": 297,
    "commits": 12173,
    "stars": 311,
    "followers": 3,
    "following": 0,
    "contributed_repos": 97,
    "prs": 2369,
    "issues": 55,
    "loc_added": 61262284,
    "loc_deleted": 30264627,
    "loc_total": 30997657
  }
}