{
  "timestamp": "2026-07-07T23:31:11.803893",
  "claude": {
    "input_tokens": 97872966,
    "output_tokens": 474302888,
    "cache_creation": 4548340118,
    "cache_read": 112322378707,
    "total_tokens": 117442894679,
    "sessions": 17582,
    "messages": 994324,
    "cost_estimate": 173013.596187
  },
  "token_usage": {
    "input_tokens": 97872966,
    "output_tokens": 474302888,
    "cache_creation": 4548340118,
    "cache_read": 112322378707,
    "total_tokens": 117442894679,
    "sessions": 17582,
    "messages": 994324,
    "cost_estimate": 173013.596187,
    "providers": {
      "claude": {
        "input_tokens": 97872966,
        "output_tokens": 474302888,
        "cache_creation": 4548340118,
        "cache_read": 112322378707,
        "total_tokens": 117442894679,
        "sessions": 17582,
        "messages": 994324,
        "cost_estimate": 173013.596187
      },
      "other": {
        "input_tokens": 0,
        "output_tokens": 0,
        "cache_creation": 0,
        "cache_read": 0,
        "total_tokens": 0,
        "sessions": 0,
        "messages": 0,
        "cost_estimate": 0
      }
    }
  },
  "github": {
    "repos": 285,
    "commits": 11629,
    "stars": 308,
    "followers": 3,
    "following": 0,
    "contributed_repos": 88,
    "prs": 2050,
    "issues": 51,
    "loc_added": 57654626,
    "loc_deleted": 28652637,
    "loc_total": 29001989
  }
}