{
  "timestamp": "2026-07-18T01:40:34.220550",
  "claude": {
    "input_tokens": 109247315,
    "output_tokens": 516228434,
    "cache_creation": 4772130310,
    "cache_read": 118475685826,
    "total_tokens": 123873291885,
    "sessions": 17664,
    "messages": 1045501,
    "cost_estimate": 182776.315096
  },
  "github": {
    "repos": 292,
    "commits": 11935,
    "stars": 309,
    "followers": 3,
    "following": 0,
    "contributed_repos": 94,
    "prs": 2260,
    "issues": 51,
    "loc_added": 61262284,
    "loc_deleted": 30264627,
    "loc_total": 30997657
  }
}