{
  "timestamp": "2026-05-07T04:04:28.181717",
  "claude": {
    "input_tokens": 38044386,
    "output_tokens": 137613785,
    "cache_creation": 2978070069,
    "cache_read": 66588760178,
    "messages": 568387,
    "sessions": 12281,
    "total_tokens": 69742488418,
    "cost_estimate": 100878.31827799999
  },
  "github": {
    "repos": 255,
    "commits": 9618,
    "stars": 279,
    "followers": 1,
    "following": 0,
    "contributed_repos": 74,
    "prs": 1194,
    "issues": 47,
    "loc_added": 15449601,
    "loc_deleted": 8089596,
    "loc_total": 7405089
  }
}