{
  "timestamp": "2026-07-03T02:06:38.694484",
  "claude": {
    "input_tokens": 85761859,
    "output_tokens": 450008865,
    "cache_creation": 4424625393,
    "cache_read": 108910087384,
    "total_tokens": 113870483501,
    "sessions": 17531,
    "messages": 962467,
    "cost_estimate": 167514.225854
  },
  "github": {
    "repos": 285,
    "commits": 11475,
    "stars": 306,
    "followers": 1,
    "following": 0,
    "contributed_repos": 86,
    "prs": 1999,
    "issues": 50,
    "loc_added": 57654626,
    "loc_deleted": 28652637,
    "loc_total": 29001989
  }
}