{
  "timestamp": "2026-06-08T02:47:21.357615",
  "claude": {
    "input_tokens": 57249821,
    "output_tokens": 322672488,
    "cache_creation": 3789306181,
    "cache_read": 92969589572,
    "messages": 795371,
    "sessions": 14943,
    "total_tokens": 97138818062,
    "cost_estimate": 141115.32423199998
  },
  "github": {
    "repos": 256,
    "commits": 10904,
    "stars": 294,
    "followers": 1,
    "following": 0,
    "contributed_repos": 78,
    "prs": 1727,
    "issues": 50,
    "loc_added": 54335838,
    "loc_deleted": 26945514,
    "loc_total": 27390324
  }
}