{
  "timestamp": "2026-05-09T04:04:16.609081",
  "claude": {
    "input_tokens": 38075437,
    "output_tokens": 139522139,
    "cache_creation": 2987180489,
    "cache_read": 66979651111,
    "messages": 571243,
    "sessions": 12303,
    "total_tokens": 70144429176,
    "cost_estimate": 101417.874541
  },
  "github": {
    "repos": 256,
    "commits": 9661,
    "stars": 279,
    "followers": 1,
    "following": 0,
    "contributed_repos": 74,
    "prs": 1217,
    "issues": 49,
    "loc_added": 15449601,
    "loc_deleted": 8089596,
    "loc_total": 7405089
  }
}