{
  "timestamp": "2026-05-05T04:04:21.960706",
  "claude": {
    "input_tokens": 37862388,
    "output_tokens": 128540563,
    "cache_creation": 2937086474,
    "cache_read": 64362039299,
    "messages": 553985,
    "sessions": 12200,
    "total_tokens": 67465528724,
    "cost_estimate": 97967.744809
  },
  "github": {
    "repos": 250,
    "commits": 9455,
    "stars": 279,
    "followers": 1,
    "following": 0,
    "contributed_repos": 72,
    "prs": 1151,
    "issues": 46,
    "loc_added": 15449601,
    "loc_deleted": 8089596,
    "loc_total": 7405089
  }
}