{
  "timestamp": "2026-05-03T02:01:54.399491",
  "claude": {
    "input_tokens": 35037517,
    "output_tokens": 32337339,
    "cache_creation": 2364188451,
    "cache_read": 40067290527,
    "messages": 403135,
    "sessions": 11163,
    "total_tokens": 42498853834,
    "cost_estimate": 65029.670376999995
  },
  "github": {
    "repos": 249,
    "commits": 9322,
    "stars": 278,
    "followers": 1,
    "following": 0,
    "contributed_repos": 71,
    "prs": 1075,
    "issues": 46,
    "loc_added": 15449601,
    "loc_deleted": 8089596,
    "loc_total": 7405089
  }
}