{
  "timestamp": "2026-05-03T04:03:49.922472",
  "claude": {
    "input_tokens": 37740405,
    "output_tokens": 118826122,
    "cache_creation": 2892453576,
    "cache_read": 62153368809,
    "messages": 538740,
    "sessions": 12106,
    "total_tokens": 65202388912,
    "cost_estimate": 95020.092279
  },
  "github": {
    "repos": 249,
    "commits": 9356,
    "stars": 278,
    "followers": 1,
    "following": 0,
    "contributed_repos": 71,
    "prs": 1090,
    "issues": 46,
    "loc_added": 15449601,
    "loc_deleted": 8089596,
    "loc_total": 7405089
  }
}