{
  "timestamp": "2026-05-11T04:05:03.442645",
  "claude": {
    "input_tokens": 38175383,
    "output_tokens": 141349548,
    "cache_creation": 2996170720,
    "cache_read": 67347581775,
    "messages": 573745,
    "sessions": 12327,
    "total_tokens": 70523277426,
    "cost_estimate": 101931.529245
  },
  "github": {
    "repos": 256,
    "commits": 9670,
    "stars": 279,
    "followers": 1,
    "following": 0,
    "contributed_repos": 74,
    "prs": 1226,
    "issues": 49,
    "loc_added": 15449601,
    "loc_deleted": 8089596,
    "loc_total": 7405089
  }
}