{
  "timestamp": "2026-05-28T04:05:22.873120",
  "claude": {
    "input_tokens": 40845334,
    "output_tokens": 221175124,
    "cache_creation": 3356895880,
    "cache_read": 80241794518,
    "messages": 678184,
    "sessions": 13172,
    "total_tokens": 83860710856,
    "cost_estimate": 120854.46037799999
  },
  "github": {
    "repos": 262,
    "commits": 10344,
    "stars": 281,
    "followers": 1,
    "following": 0,
    "contributed_repos": 77,
    "prs": 1431,
    "issues": 49,
    "loc_added": 15449601,
    "loc_deleted": 8089596,
    "loc_total": 7405089
  }
}