{
  "timestamp": "2026-06-20T23:30:04.637437",
  "claude": {
    "input_tokens": 73155060,
    "output_tokens": 392559164,
    "cache_creation": 4142310121,
    "cache_read": 102313580732,
    "messages": 891863,
    "sessions": 16759,
    "total_tokens": 106921605077,
    "cost_estimate": 156245.007462
  },
  "github": {
    "repos": 259,
    "commits": 10904,
    "stars": 299,
    "followers": 1,
    "following": 0,
    "contributed_repos": 78,
    "prs": 1905,
    "issues": 50,
    "loc_added": 57196558,
    "loc_deleted": 28504895,
    "loc_total": 28691663
  }
}