{
  "timestamp": "2026-05-30T04:05:05.536984",
  "claude": {
    "input_tokens": 41953303,
    "output_tokens": 232664640,
    "cache_creation": 3407025015,
    "cache_read": 82186393448,
    "messages": 694101,
    "sessions": 13301,
    "total_tokens": 85868036406,
    "cost_estimate": 123656.11582800001
  },
  "github": {
    "repos": 263,
    "commits": 10384,
    "stars": 282,
    "followers": 1,
    "following": 0,
    "contributed_repos": 77,
    "prs": 1471,
    "issues": 49,
    "loc_added": 15449601,
    "loc_deleted": 8089596,
    "loc_total": 7405089
  }
}