{
  "timestamp": "2026-07-22T23:30:37.386366",
  "claude": {
    "input_tokens": 109407729,
    "output_tokens": 533061281,
    "cache_creation": 4851813503,
    "cache_read": 121353351615,
    "total_tokens": 126847634128,
    "sessions": 17702,
    "messages": 1067247,
    "cost_estimate": 186957.402365
  },
  "token_usage": {
    "input_tokens": 109407729,
    "output_tokens": 533061281,
    "cache_creation": 4851813503,
    "cache_read": 121353351615,
    "total_tokens": 126847634128,
    "sessions": 17702,
    "messages": 1067247,
    "cost_estimate": 186957.402365,
    "providers": {
      "claude": {
        "input_tokens": 109407729,
        "output_tokens": 533061281,
        "cache_creation": 4851813503,
        "cache_read": 121353351615,
        "total_tokens": 126847634128,
        "sessions": 17702,
        "messages": 1067247,
        "cost_estimate": 186957.402365
      },
      "other": {
        "input_tokens": 0,
        "output_tokens": 0,
        "cache_creation": 0,
        "cache_read": 0,
        "total_tokens": 0,
        "sessions": 0,
        "messages": 0,
        "cost_estimate": 0
      }
    }
  },
  "github": {
    "repos": 297,
    "commits": 12189,
    "stars": 311,
    "followers": 3,
    "following": 0,
    "contributed_repos": 97,
    "prs": 2382,
    "issues": 55,
    "loc_added": 61643962,
    "loc_deleted": 55867450,
    "loc_total": 30997657
  }
}