{
  "timestamp": "2026-07-10T23:30:57.492342",
  "claude": {
    "input_tokens": 107269787,
    "output_tokens": 495061297,
    "cache_creation": 4653168040,
    "cache_read": 115003501385,
    "total_tokens": 120259000509,
    "sessions": 17611,
    "messages": 1017671,
    "cost_estimate": 177459.718565
  },
  "token_usage": {
    "input_tokens": 107269787,
    "output_tokens": 495061297,
    "cache_creation": 4653168040,
    "cache_read": 115003501385,
    "total_tokens": 120259000509,
    "sessions": 17611,
    "messages": 1017671,
    "cost_estimate": 177459.718565,
    "providers": {
      "claude": {
        "input_tokens": 107269787,
        "output_tokens": 495061297,
        "cache_creation": 4653168040,
        "cache_read": 115003501385,
        "total_tokens": 120259000509,
        "sessions": 17611,
        "messages": 1017671,
        "cost_estimate": 177459.718565
      },
      "other": {
        "input_tokens": 0,
        "output_tokens": 0,
        "cache_creation": 0,
        "cache_read": 0,
        "total_tokens": 0,
        "sessions": 0,
        "messages": 0,
        "cost_estimate": 0
      }
    }
  },
  "github": {
    "repos": 286,
    "commits": 11754,
    "stars": 308,
    "followers": 3,
    "following": 0,
    "contributed_repos": 89,
    "prs": 2134,
    "issues": 51,
    "loc_added": 60815619,
    "loc_deleted": 30217151,
    "loc_total": 30598468
  }
}