{
  "timestamp": "2026-06-04T02:51:07.792947",
  "claude": {
    "input_tokens": 47950381,
    "output_tokens": 267778863,
    "cache_creation": 3564592757,
    "cache_read": 86728193619,
    "messages": 734680,
    "sessions": 13928,
    "total_tokens": 90608515620,
    "cost_estimate": 130886.99088900001
  },
  "github": {
    "repos": 264,
    "commits": 10900,
    "stars": 295,
    "followers": 1,
    "following": 0,
    "contributed_repos": 78,
    "prs": 1624,
    "issues": 50,
    "loc_added": 15449601,
    "loc_deleted": 8089596,
    "loc_total": 7405089
  }
}