{
  "timestamp": "2026-06-21T04:07:50.296759",
  "claude": {
    "input_tokens": 73201206,
    "output_tokens": 392848629,
    "cache_creation": 4143215873,
    "cache_read": 102349737634,
    "messages": 892144,
    "sessions": 16764,
    "total_tokens": 106959003342,
    "cost_estimate": 156299.367294
  },
  "github": {
    "repos": 259,
    "commits": 10904,
    "stars": 299,
    "followers": 1,
    "following": 0,
    "contributed_repos": 78,
    "prs": 1905,
    "issues": 50,
    "loc_added": 57203186,
    "loc_deleted": 28507988,
    "loc_total": 28695198
  }
}