{
  "timestamp": "2026-05-22T04:05:48.658575",
  "claude": {
    "input_tokens": 39671423,
    "output_tokens": 193561935,
    "cache_creation": 3242576846,
    "cache_read": 75222232000,
    "messages": 639916,
    "sessions": 12880,
    "total_tokens": 78698042204,
    "cost_estimate": 113851.57274
  },
  "github": {
    "repos": 259,
    "commits": 10054,
    "stars": 282,
    "followers": 1,
    "following": 0,
    "contributed_repos": 76,
    "prs": 1363,
    "issues": 49,
    "loc_added": 15449601,
    "loc_deleted": 8089596,
    "loc_total": 7405089
  }
}