{
  "timestamp": "2026-04-23T04:04:17.421030",
  "claude": {
    "input_tokens": 36783773,
    "output_tokens": 79173062,
    "cache_creation": 2666339415,
    "cache_read": 53168307806,
    "messages": 479148,
    "sessions": 11699,
    "total_tokens": 55950604056,
    "cost_estimate": 82574.731546
  },
  "github": {
    "repos": 244,
    "commits": 8960,
    "stars": 269,
    "followers": 1,
    "following": 0,
    "contributed_repos": 69,
    "prs": 971,
    "issues": 45,
    "loc_added": 15449601,
    "loc_deleted": 8089596,
    "loc_total": 7405089
  }
}