{
  "timestamp": "2026-05-14T04:05:20.095010",
  "claude": {
    "input_tokens": 38359538,
    "output_tokens": 152444589,
    "cache_creation": 3065109782,
    "cache_read": 69676030846,
    "messages": 594888,
    "sessions": 12521,
    "total_tokens": 72931944755,
    "cost_estimate": 105284.061716
  },
  "github": {
    "repos": 257,
    "commits": 9704,
    "stars": 279,
    "followers": 1,
    "following": 0,
    "contributed_repos": 74,
    "prs": 1267,
    "issues": 49,
    "loc_added": 15449601,
    "loc_deleted": 8089596,
    "loc_total": 7405089
  }
}