{
  "timestamp": "2026-04-28T04:04:34.601425",
  "claude": {
    "input_tokens": 37140312,
    "output_tokens": 91053283,
    "cache_creation": 2735552848,
    "cache_read": 55292977627,
    "messages": 496543,
    "sessions": 11873,
    "total_tokens": 58156724070,
    "cost_estimate": 85751.507717
  },
  "github": {
    "repos": 247,
    "commits": 9041,
    "stars": 274,
    "followers": 1,
    "following": 0,
    "contributed_repos": 69,
    "prs": 995,
    "issues": 46,
    "loc_added": 15449601,
    "loc_deleted": 8089596,
    "loc_total": 7405089
  }
}