{
  "timestamp": "2026-06-12T23:30:07.172604",
  "claude": {
    "input_tokens": 63302640,
    "output_tokens": 351243319,
    "cache_creation": 3940569905,
    "cache_read": 97337353044,
    "messages": 840607,
    "sessions": 15539,
    "total_tokens": 101692468908,
    "cost_estimate": 147913.378064
  },
  "github": {
    "repos": 257,
    "commits": 10904,
    "stars": 300,
    "followers": 1,
    "following": 0,
    "contributed_repos": 78,
    "prs": 1810,
    "issues": 50,
    "loc_added": 57027237,
    "loc_deleted": 28477610,
    "loc_total": 28549627
  }
}