{
  "timestamp": "2026-04-29T02:07:18.078389",
  "claude": {
    "input_tokens": 35037517,
    "output_tokens": 32337339,
    "cache_creation": 2364188451,
    "cache_read": 40067290527,
    "messages": 403135,
    "sessions": 11163,
    "total_tokens": 42498853834,
    "cost_estimate": 65029.670376999995
  },
  "github": {
    "repos": 247,
    "commits": 9047,
    "stars": 274,
    "followers": 1,
    "following": 0,
    "contributed_repos": 69,
    "prs": 1001,
    "issues": 46,
    "loc_added": 15449601,
    "loc_deleted": 8089596,
    "loc_total": 7405089
  }
}