{
  "timestamp": "2026-04-19T04:03:37.175969",
  "claude": {
    "input_tokens": 36326548,
    "output_tokens": 68009284,
    "cache_creation": 2601088264,
    "cache_read": 50872488280,
    "messages": 459036,
    "sessions": 11563,
    "total_tokens": 53577912376,
    "cost_estimate": 79286.91492
  },
  "github": {
    "repos": 242,
    "commits": 8894,
    "stars": 264,
    "followers": 1,
    "following": 0,
    "contributed_repos": 68,
    "prs": 942,
    "issues": 45,
    "loc_added": 15449601,
    "loc_deleted": 8089596,
    "loc_total": 7405089
  }
}