{
  "timestamp": "2026-07-19T01:48:37.379409",
  "claude": {
    "input_tokens": 109270008,
    "output_tokens": 519183575,
    "cache_creation": 4785761575,
    "cache_read": 118912677758,
    "total_tokens": 124326892916,
    "sessions": 17669,
    "messages": 1048923,
    "cost_estimate": 183438.500838
  },
  "github": {
    "repos": 292,
    "commits": 11935,
    "stars": 309,
    "followers": 3,
    "following": 0,
    "contributed_repos": 94,
    "prs": 2260,
    "issues": 51,
    "loc_added": 61262284,
    "loc_deleted": 30264627,
    "loc_total": 30997657
  }
}