{
  "timestamp": "2026-06-23T02:30:44.674084",
  "claude": {
    "input_tokens": 73911128,
    "output_tokens": 396259085,
    "cache_creation": 4156591283,
    "cache_read": 102883301012,
    "messages": 895881,
    "sessions": 16790,
    "total_tokens": 107510062508,
    "cost_estimate": 157076.097672
  },
  "github": {
    "repos": 260,
    "commits": 11000,
    "stars": 299,
    "followers": 1,
    "following": 0,
    "contributed_repos": 78,
    "prs": 1924,
    "issues": 50,
    "loc_added": 57203186,
    "loc_deleted": 28507988,
    "loc_total": 28695198
  }
}