{
  "timestamp": "2026-07-11T04:07:04.404568",
  "claude": {
    "input_tokens": 107270895,
    "output_tokens": 495081365,
    "cache_creation": 4653207955,
    "cache_read": 115011181665,
    "total_tokens": 120266741880,
    "sessions": 17611,
    "messages": 1017719,
    "cost_estimate": 177468.411115
  },
  "token_usage": {
    "input_tokens": 1566509056,
    "output_tokens": 609951613,
    "cache_creation": 4653207955,
    "cache_read": 141109612897,
    "total_tokens": 147939281521,
    "sessions": 17611,
    "messages": 1017719,
    "cost_estimate": 207554.00971460002,
    "providers": {
      "claude": {
        "input_tokens": 107270895,
        "output_tokens": 495081365,
        "cache_creation": 4653207955,
        "cache_read": 115011181665,
        "total_tokens": 120266741880,
        "sessions": 17611,
        "messages": 1017719,
        "cost_estimate": 177468.411115
      },
      "other": {
        "input_tokens": 1459238161,
        "output_tokens": 114870248,
        "cache_creation": 0,
        "cache_read": 26098431232,
        "total_tokens": 27672539641,
        "sessions": 0,
        "messages": 0,
        "cost_estimate": 30085.598599600016
      }
    }
  },
  "github": {
    "repos": 286,
    "commits": 11761,
    "stars": 308,
    "followers": 3,
    "following": 0,
    "contributed_repos": 89,
    "prs": 2140,
    "issues": 51,
    "loc_added": 60815619,
    "loc_deleted": 30217151,
    "loc_total": 30598468
  }
}