{
  "timestamp": "2026-07-15T04:06:50.082831",
  "claude": {
    "input_tokens": 109204248,
    "output_tokens": 511225353,
    "cache_creation": 4746243233,
    "cache_read": 117691212611,
    "total_tokens": 123057885445,
    "sessions": 17642,
    "messages": 1039636,
    "cost_estimate": 181582.448011
  },
  "token_usage": {
    "input_tokens": 1692039677,
    "output_tokens": 638071192,
    "cache_creation": 4746243233,
    "cache_read": 149791330371,
    "total_tokens": 156867684473,
    "sessions": 17642,
    "messages": 1039636,
    "cost_estimate": 219936.6020306,
    "providers": {
      "claude": {
        "input_tokens": 109204248,
        "output_tokens": 511225353,
        "cache_creation": 4746243233,
        "cache_read": 117691212611,
        "total_tokens": 123057885445,
        "sessions": 17642,
        "messages": 1039636,
        "cost_estimate": 181582.448011
      },
      "other": {
        "input_tokens": 1582835429,
        "output_tokens": 126845839,
        "cache_creation": 0,
        "cache_read": 32100117760,
        "total_tokens": 33809799028,
        "sessions": 0,
        "messages": 0,
        "cost_estimate": 38354.154019600006
      }
    }
  },
  "github": {
    "repos": 290,
    "commits": 11896,
    "stars": 309,
    "followers": 3,
    "following": 0,
    "contributed_repos": 91,
    "prs": 2240,
    "issues": 51,
    "loc_added": 61262284,
    "loc_deleted": 30264627,
    "loc_total": 30997657
  }
}