{
  "timestamp": "2026-05-04T04:04:20.371038",
  "claude": {
    "input_tokens": 37784234,
    "output_tokens": 123500289,
    "cache_creation": 2912489446,
    "cache_read": 63152906592,
    "messages": 544977,
    "sessions": 12146,
    "total_tokens": 66226680561,
    "cost_estimate": 96360.65206200001
  },
  "github": {
    "repos": 249,
    "commits": 9376,
    "stars": 279,
    "followers": 1,
    "following": 0,
    "contributed_repos": 71,
    "prs": 1111,
    "issues": 46,
    "loc_added": 15449601,
    "loc_deleted": 8089596,
    "loc_total": 7405089
  }
}