{
  "timestamp": "2026-05-02T04:03:52.106190",
  "claude": {
    "input_tokens": 37736285,
    "output_tokens": 117525698,
    "cache_creation": 2882868756,
    "cache_read": 61794297816,
    "messages": 536147,
    "sessions": 12079,
    "total_tokens": 64832428555,
    "cost_estimate": 94526.11916599999
  },
  "github": {
    "repos": 249,
    "commits": 9316,
    "stars": 276,
    "followers": 1,
    "following": 0,
    "contributed_repos": 71,
    "prs": 1070,
    "issues": 46,
    "loc_added": 15449601,
    "loc_deleted": 8089596,
    "loc_total": 7405089
  }
}