{
  "timestamp": "2026-06-02T23:30:05.082772",
  "claude": {
    "input_tokens": 47613607,
    "output_tokens": 266113678,
    "cache_creation": 3559284420,
    "cache_read": 86500331471,
    "messages": 732925,
    "sessions": 13915,
    "total_tokens": 90373343176,
    "cost_estimate": 130552.722081
  },
  "github": {
    "repos": 262,
    "commits": 10867,
    "stars": 282,
    "followers": 1,
    "following": 0,
    "contributed_repos": 78,
    "prs": 1601,
    "issues": 50,
    "loc_added": 15449601,
    "loc_deleted": 8089596,
    "loc_total": 7405089
  }
}