{
  "timestamp": "2026-07-16T01:51:21.443641",
  "claude": {
    "input_tokens": 109204248,
    "output_tokens": 511225353,
    "cache_creation": 4746243233,
    "cache_read": 117691212611,
    "total_tokens": 123057885445,
    "sessions": 17642,
    "messages": 1039636,
    "cost_estimate": 181582.448011
  },
  "github": {
    "repos": 292,
    "commits": 11935,
    "stars": 309,
    "followers": 3,
    "following": 0,
    "contributed_repos": 94,
    "prs": 2260,
    "issues": 51,
    "loc_added": 61262284,
    "loc_deleted": 30264627,
    "loc_total": 30997657
  }
}