{
  "timestamp": "2026-06-06T04:05:58.294614",
  "claude": {
    "input_tokens": 55780334,
    "output_tokens": 312186453,
    "cache_creation": 3751409233,
    "cache_read": 91627411202,
    "messages": 785518,
    "sessions": 14858,
    "total_tokens": 95746787222,
    "cost_estimate": 139064.900462
  },
  "github": {
    "repos": 255,
    "commits": 10904,
    "stars": 291,
    "followers": 1,
    "following": 0,
    "contributed_repos": 78,
    "prs": 1707,
    "issues": 50,
    "loc_added": 54335838,
    "loc_deleted": 26945514,
    "loc_total": 27390324
  }
}