{
  "timestamp": "2026-06-05T04:06:25.649614",
  "claude": {
    "input_tokens": 52869037,
    "output_tokens": 295844496,
    "cache_creation": 3697845546,
    "cache_read": 89977812299,
    "messages": 770884,
    "sessions": 14664,
    "total_tokens": 94024371378,
    "cost_estimate": 136360.29300900002
  },
  "github": {
    "repos": 255,
    "commits": 10904,
    "stars": 290,
    "followers": 1,
    "following": 0,
    "contributed_repos": 78,
    "prs": 1667,
    "issues": 50,
    "loc_added": 15449601,
    "loc_deleted": 8089596,
    "loc_total": 7405089
  }
}