{
  "timestamp": "2026-07-23T01:59:39.689437",
  "claude": {
    "input_tokens": 109406689,
    "output_tokens": 532766791,
    "cache_creation": 4849253033,
    "cache_read": 121270925618,
    "total_tokens": 126762352131,
    "sessions": 17700,
    "messages": 1066724,
    "cost_estimate": 186840.526568
  },
  "github": {
    "repos": 297,
    "commits": 12189,
    "stars": 311,
    "followers": 3,
    "following": 0,
    "contributed_repos": 97,
    "prs": 2382,
    "issues": 55,
    "loc_added": 61643962,
    "loc_deleted": 55867450,
    "loc_total": 30997657
  }
}