{
  "timestamp": "2026-07-12T23:30:52.577181",
  "claude": {
    "input_tokens": 109092009,
    "output_tokens": 507671202,
    "cache_creation": 4721092548,
    "cache_read": 117124013230,
    "total_tokens": 122461868989,
    "sessions": 17627,
    "messages": 1035718,
    "cost_estimate": 180655.99485999998
  },
  "token_usage": {
    "input_tokens": 109092009,
    "output_tokens": 507671202,
    "cache_creation": 4721092548,
    "cache_read": 117124013230,
    "total_tokens": 122461868989,
    "sessions": 17627,
    "messages": 1035718,
    "cost_estimate": 180655.99485999998,
    "providers": {
      "claude": {
        "input_tokens": 109092009,
        "output_tokens": 507671202,
        "cache_creation": 4721092548,
        "cache_read": 117124013230,
        "total_tokens": 122461868989,
        "sessions": 17627,
        "messages": 1035718,
        "cost_estimate": 180655.99485999998
      },
      "other": {
        "input_tokens": 0,
        "output_tokens": 0,
        "cache_creation": 0,
        "cache_read": 0,
        "total_tokens": 0,
        "sessions": 0,
        "messages": 0,
        "cost_estimate": 0
      }
    }
  },
  "github": {
    "repos": 290,
    "commits": 11821,
    "stars": 307,
    "followers": 3,
    "following": 0,
    "contributed_repos": 91,
    "prs": 2190,
    "issues": 51,
    "loc_added": 60815619,
    "loc_deleted": 30217151,
    "loc_total": 30598468
  }
}