{
  "timestamp": "2026-06-16T04:05:48.529414",
  "claude": {
    "input_tokens": 67029789,
    "output_tokens": 369092368,
    "cache_creation": 4038776965,
    "cache_read": 99391758268,
    "messages": 864476,
    "sessions": 16257,
    "total_tokens": 103866657390,
    "cost_estimate": 151522.59684800002
  },
  "github": {
    "repos": 258,
    "commits": 10904,
    "stars": 300,
    "followers": 1,
    "following": 0,
    "contributed_repos": 78,
    "prs": 1829,
    "issues": 50,
    "loc_added": 57091022,
    "loc_deleted": 28491507,
    "loc_total": 28599515
  }
}