{
  "timestamp": "2026-07-10T02:05:42.021221",
  "claude": {
    "input_tokens": 98641095,
    "output_tokens": 477508445,
    "cache_creation": 4567593542,
    "cache_read": 112696213944,
    "total_tokens": 117839957026,
    "sessions": 17590,
    "messages": 997396,
    "cost_estimate": 173683.81366400002
  },
  "github": {
    "repos": 286,
    "commits": 11700,
    "stars": 308,
    "followers": 3,
    "following": 0,
    "contributed_repos": 89,
    "prs": 2099,
    "issues": 51,
    "loc_added": 57654626,
    "loc_deleted": 28681312,
    "loc_total": 29001989
  }
}