{
  "timestamp": "2026-06-13T04:07:55.675550",
  "claude": {
    "input_tokens": 63590180,
    "output_tokens": 352399303,
    "cache_creation": 3943800812,
    "cache_read": 97470546636,
    "messages": 841749,
    "sessions": 15553,
    "total_tokens": 101830336931,
    "cost_estimate": 148116.435646
  },
  "github": {
    "repos": 257,
    "commits": 10904,
    "stars": 300,
    "followers": 1,
    "following": 0,
    "contributed_repos": 78,
    "prs": 1810,
    "issues": 50,
    "loc_added": 57027237,
    "loc_deleted": 28477610,
    "loc_total": 28549627
  }
}