{
  "timestamp": "2026-06-19T03:30:23.908516",
  "claude": {
    "input_tokens": 71400046,
    "output_tokens": 384519767,
    "cache_creation": 4104816929,
    "cache_read": 101271466711,
    "messages": 882786,
    "sessions": 16639,
    "total_tokens": 105832203453,
    "cost_estimate": 154569.229471
  },
  "github": {
    "repos": 259,
    "commits": 10904,
    "stars": 299,
    "followers": 1,
    "following": 0,
    "contributed_repos": 78,
    "prs": 1889,
    "issues": 50,
    "loc_added": 57179106,
    "loc_deleted": 28501912,
    "loc_total": 28677194
  }
}