{
  "timestamp": "2026-06-16T23:30:06.735246",
  "claude": {
    "input_tokens": 70174349,
    "output_tokens": 381876651,
    "cache_creation": 4087377577,
    "cache_read": 100936398511,
    "messages": 878799,
    "sessions": 16541,
    "total_tokens": 105475827088,
    "cost_estimate": 153968.21730100003
  },
  "github": {
    "repos": 259,
    "commits": 10904,
    "stars": 300,
    "followers": 1,
    "following": 0,
    "contributed_repos": 78,
    "prs": 1856,
    "issues": 50,
    "loc_added": 57091022,
    "loc_deleted": 28491507,
    "loc_total": 28599515
  }
}