{
  "timestamp": "2026-05-31T04:04:22.131058",
  "claude": {
    "input_tokens": 42916054,
    "output_tokens": 237622185,
    "cache_creation": 3442309819,
    "cache_read": 82851925096,
    "messages": 701531,
    "sessions": 13446,
    "total_tokens": 86574773154,
    "cost_estimate": 124832.849376
  },
  "github": {
    "repos": 264,
    "commits": 10430,
    "stars": 282,
    "followers": 1,
    "following": 0,
    "contributed_repos": 77,
    "prs": 1480,
    "issues": 49,
    "loc_added": 15449601,
    "loc_deleted": 8089596,
    "loc_total": 7405089
  }
}