{
  "timestamp": "2026-07-17T23:30:28.041306",
  "claude": {
    "input_tokens": 109270008,
    "output_tokens": 519183575,
    "cache_creation": 4785761575,
    "cache_read": 118912677758,
    "total_tokens": 124326892916,
    "sessions": 17669,
    "messages": 1048923,
    "cost_estimate": 183438.500838
  },
  "token_usage": {
    "input_tokens": 109270008,
    "output_tokens": 519183575,
    "cache_creation": 4785761575,
    "cache_read": 118912677758,
    "total_tokens": 124326892916,
    "sessions": 17669,
    "messages": 1048923,
    "cost_estimate": 183438.500838,
    "providers": {
      "claude": {
        "input_tokens": 109270008,
        "output_tokens": 519183575,
        "cache_creation": 4785761575,
        "cache_read": 118912677758,
        "total_tokens": 124326892916,
        "sessions": 17669,
        "messages": 1048923,
        "cost_estimate": 183438.500838
      },
      "other": {
        "input_tokens": 0,
        "output_tokens": 0,
        "cache_creation": 0,
        "cache_read": 0,
        "total_tokens": 0,
        "sessions": 0,
        "messages": 0,
        "cost_estimate": 0
      }
    }
  },
  "github": {
    "repos": 292,
    "commits": 11935,
    "stars": 309,
    "followers": 3,
    "following": 0,
    "contributed_repos": 94,
    "prs": 2260,
    "issues": 51,
    "loc_added": 61262284,
    "loc_deleted": 30264627,
    "loc_total": 30997657
  }
}