{
  "timestamp": "2026-05-29T04:05:39.529047",
  "claude": {
    "input_tokens": 41887770,
    "output_tokens": 231804701,
    "cache_creation": 3401318970,
    "cache_read": 82043780405,
    "messages": 693131,
    "sessions": 13298,
    "total_tokens": 85718791846,
    "cost_estimate": 123429.988835
  },
  "github": {
    "repos": 263,
    "commits": 10380,
    "stars": 282,
    "followers": 1,
    "following": 0,
    "contributed_repos": 77,
    "prs": 1467,
    "issues": 49,
    "loc_added": 15449601,
    "loc_deleted": 8089596,
    "loc_total": 7405089
  }
}