{
  "timestamp": "2026-07-01T23:32:17.050344",
  "claude": {
    "input_tokens": 85673275,
    "output_tokens": 449805871,
    "cache_creation": 4422469651,
    "cache_read": 108839215703,
    "total_tokens": 113797164500,
    "sessions": 17531,
    "messages": 962055,
    "cost_estimate": 167414.821093
  },
  "token_usage": {
    "input_tokens": 85673275,
    "output_tokens": 449805871,
    "cache_creation": 4422469651,
    "cache_read": 108839215703,
    "total_tokens": 113797164500,
    "sessions": 17531,
    "messages": 962055,
    "cost_estimate": 167414.821093,
    "providers": {
      "claude": {
        "input_tokens": 85673275,
        "output_tokens": 449805871,
        "cache_creation": 4422469651,
        "cache_read": 108839215703,
        "total_tokens": 113797164500,
        "sessions": 17531,
        "messages": 962055,
        "cost_estimate": 167414.821093
      },
      "other": {
        "input_tokens": 0,
        "output_tokens": 0,
        "cache_creation": 0,
        "cache_read": 0,
        "total_tokens": 0,
        "sessions": 0,
        "messages": 0,
        "cost_estimate": 0
      }
    }
  },
  "github": {
    "repos": 281,
    "commits": 11411,
    "stars": 304,
    "followers": 1,
    "following": 0,
    "contributed_repos": 85,
    "prs": 1985,
    "issues": 50,
    "loc_added": 57626500,
    "loc_deleted": 28651669,
    "loc_total": 28974831
  }
}