{
  "timestamp": "2026-07-11T23:30:41.705336",
  "claude": {
    "input_tokens": 108995683,
    "output_tokens": 502191854,
    "cache_creation": 4690696296,
    "cache_read": 116135550043,
    "total_tokens": 121437433876,
    "sessions": 17620,
    "messages": 1027511,
    "cost_estimate": 179198.225453
  },
  "token_usage": {
    "input_tokens": 108995683,
    "output_tokens": 502191854,
    "cache_creation": 4690696296,
    "cache_read": 116135550043,
    "total_tokens": 121437433876,
    "sessions": 17620,
    "messages": 1027511,
    "cost_estimate": 179198.225453,
    "providers": {
      "claude": {
        "input_tokens": 108995683,
        "output_tokens": 502191854,
        "cache_creation": 4690696296,
        "cache_read": 116135550043,
        "total_tokens": 121437433876,
        "sessions": 17620,
        "messages": 1027511,
        "cost_estimate": 179198.225453
      },
      "other": {
        "input_tokens": 0,
        "output_tokens": 0,
        "cache_creation": 0,
        "cache_read": 0,
        "total_tokens": 0,
        "sessions": 0,
        "messages": 0,
        "cost_estimate": 0
      }
    }
  },
  "github": {
    "repos": 286,
    "commits": 11779,
    "stars": 307,
    "followers": 3,
    "following": 0,
    "contributed_repos": 89,
    "prs": 2155,
    "issues": 51,
    "loc_added": 60815619,
    "loc_deleted": 30217151,
    "loc_total": 30598468
  }
}