{
  "timestamp": "2026-04-14T04:04:03.779717",
  "claude": {
    "input_tokens": 35724541,
    "output_tokens": 46421139,
    "cache_creation": 2464869184,
    "cache_read": 45139552132,
    "messages": 425996,
    "sessions": 11302,
    "total_tokens": 47686566996,
    "cost_estimate": 71538.123552
  },
  "github": {
    "repos": 238,
    "commits": 8661,
    "stars": 261,
    "followers": 1,
    "following": 0,
    "contributed_repos": 68,
    "prs": 862,
    "issues": 45,
    "loc_added": 15449601,
    "loc_deleted": 8089596,
    "loc_total": 7405089
  }
}