{
  "timestamp": "2026-07-07T02:14:09.010910",
  "claude": {
    "input_tokens": 97298554,
    "output_tokens": 470041791,
    "cache_creation": 4528740415,
    "cache_read": 111815531214,
    "total_tokens": 116911611974,
    "sessions": 17566,
    "messages": 990026,
    "cost_estimate": 172177.174634
  },
  "github": {
    "repos": 284,
    "commits": 11623,
    "stars": 308,
    "followers": 3,
    "following": 0,
    "contributed_repos": 88,
    "prs": 2044,
    "issues": 51,
    "loc_added": 57654626,
    "loc_deleted": 28652637,
    "loc_total": 29001989
  }
}