{
  "timestamp": "2026-07-06T02:19:13.079739",
  "claude": {
    "input_tokens": 97130788,
    "output_tokens": 468675071,
    "cache_creation": 4521620543,
    "cache_read": 111654825545,
    "total_tokens": 116742251947,
    "sessions": 17561,
    "messages": 988311,
    "cost_estimate": 171902.59098500002
  },
  "github": {
    "repos": 285,
    "commits": 11603,
    "stars": 307,
    "followers": 2,
    "following": 0,
    "contributed_repos": 88,
    "prs": 2038,
    "issues": 51,
    "loc_added": 57654626,
    "loc_deleted": 28652637,
    "loc_total": 29001989
  }
}