{
  "timestamp": "2026-07-02T02:31:41.320131",
  "claude": {
    "input_tokens": 82584650,
    "output_tokens": 445765361,
    "cache_creation": 4397528186,
    "cache_read": 108349507347,
    "total_tokens": 113275385544,
    "sessions": 17522,
    "messages": 957141,
    "cost_estimate": 166523.596537
  },
  "github": {
    "repos": 281,
    "commits": 11411,
    "stars": 304,
    "followers": 1,
    "following": 0,
    "contributed_repos": 85,
    "prs": 1985,
    "issues": 50,
    "loc_added": 57626500,
    "loc_deleted": 28651669,
    "loc_total": 28974831
  }
}