{
  "timestamp": "2026-06-24T04:06:06.150658",
  "claude": {
    "input_tokens": 77601955,
    "output_tokens": 414484433,
    "cache_creation": 4241814280,
    "cache_read": 105141046515,
    "messages": 918314,
    "sessions": 17245,
    "total_tokens": 109874947183,
    "cost_estimate": 160769.741855
  },
  "github": {
    "repos": 260,
    "commits": 11031,
    "stars": 299,
    "followers": 1,
    "following": 0,
    "contributed_repos": 78,
    "prs": 1941,
    "issues": 50,
    "loc_added": 57248336,
    "loc_deleted": 28537967,
    "loc_total": 28710369
  }
}