{
  "timestamp": "2026-04-16T04:04:20.380030",
  "claude": {
    "input_tokens": 35914887,
    "output_tokens": 53132920,
    "cache_creation": 2514439406,
    "cache_read": 47307961896,
    "messages": 436565,
    "sessions": 11388,
    "total_tokens": 49911449109,
    "cost_estimate": 74405.492426
  },
  "github": {
    "repos": 239,
    "commits": 8753,
    "stars": 262,
    "followers": 1,
    "following": 0,
    "contributed_repos": 68,
    "prs": 891,
    "issues": 45,
    "loc_added": 15449601,
    "loc_deleted": 8089596,
    "loc_total": 7405089
  }
}