{
  "timestamp": "2026-05-19T04:05:46.679990",
  "claude": {
    "input_tokens": 38846411,
    "output_tokens": 177683896,
    "cache_creation": 3183591893,
    "cache_read": 73471015941,
    "messages": 626000,
    "sessions": 12741,
    "total_tokens": 76871138141,
    "cost_estimate": 111025.91586100002
  },
  "github": {
    "repos": 258,
    "commits": 9972,
    "stars": 281,
    "followers": 1,
    "following": 0,
    "contributed_repos": 75,
    "prs": 1335,
    "issues": 49,
    "loc_added": 15449601,
    "loc_deleted": 8089596,
    "loc_total": 7405089
  }
}