{
  "timestamp": "2026-06-09T02:14:50.494228",
  "claude": {
    "input_tokens": 57734702,
    "output_tokens": 326124191,
    "cache_creation": 3802366142,
    "cache_read": 93331120589,
    "messages": 798374,
    "sessions": 14967,
    "total_tokens": 97517345624,
    "cost_estimate": 141715.854759
  },
  "github": {
    "repos": 256,
    "commits": 10904,
    "stars": 296,
    "followers": 1,
    "following": 0,
    "contributed_repos": 78,
    "prs": 1729,
    "issues": 50,
    "loc_added": 54335838,
    "loc_deleted": 26945514,
    "loc_total": 27390324
  }
}