{
  "timestamp": "2026-06-30T23:31:11.290944",
  "claude": {
    "input_tokens": 82584650,
    "output_tokens": 445765361,
    "cache_creation": 4397528186,
    "cache_read": 108349507347,
    "total_tokens": 113275385544,
    "sessions": 17522,
    "messages": 957141,
    "cost_estimate": 166523.596537
  },
  "token_usage": {
    "input_tokens": 82584650,
    "output_tokens": 445765361,
    "cache_creation": 4397528186,
    "cache_read": 108349507347,
    "total_tokens": 113275385544,
    "sessions": 17522,
    "messages": 957141,
    "cost_estimate": 166523.596537,
    "providers": {
      "claude": {
        "input_tokens": 82584650,
        "output_tokens": 445765361,
        "cache_creation": 4397528186,
        "cache_read": 108349507347,
        "total_tokens": 113275385544,
        "sessions": 17522,
        "messages": 957141,
        "cost_estimate": 166523.596537
      },
      "other": {
        "input_tokens": 0,
        "output_tokens": 0,
        "cache_creation": 0,
        "cache_read": 0,
        "total_tokens": 0,
        "sessions": 0,
        "messages": 0,
        "cost_estimate": 0
      }
    }
  },
  "github": {
    "repos": 281,
    "commits": 11396,
    "stars": 304,
    "followers": 1,
    "following": 0,
    "contributed_repos": 85,
    "prs": 1977,
    "issues": 50,
    "loc_added": 57626500,
    "loc_deleted": 28651669,
    "loc_total": 28974831
  }
}