{
  "timestamp": "2026-07-04T23:30:30.844947",
  "claude": {
    "input_tokens": 97130788,
    "output_tokens": 468675071,
    "cache_creation": 4521620543,
    "cache_read": 111654825545,
    "total_tokens": 116742251947,
    "sessions": 17561,
    "messages": 988311,
    "cost_estimate": 171902.59098500002
  },
  "token_usage": {
    "input_tokens": 97130788,
    "output_tokens": 468675071,
    "cache_creation": 4521620543,
    "cache_read": 111654825545,
    "total_tokens": 116742251947,
    "sessions": 17561,
    "messages": 988311,
    "cost_estimate": 171902.59098500002,
    "providers": {
      "claude": {
        "input_tokens": 97130788,
        "output_tokens": 468675071,
        "cache_creation": 4521620543,
        "cache_read": 111654825545,
        "total_tokens": 116742251947,
        "sessions": 17561,
        "messages": 988311,
        "cost_estimate": 171902.59098500002
      },
      "other": {
        "input_tokens": 0,
        "output_tokens": 0,
        "cache_creation": 0,
        "cache_read": 0,
        "total_tokens": 0,
        "sessions": 0,
        "messages": 0,
        "cost_estimate": 0
      }
    }
  },
  "github": {
    "repos": 285,
    "commits": 11577,
    "stars": 306,
    "followers": 2,
    "following": 0,
    "contributed_repos": 88,
    "prs": 2022,
    "issues": 51,
    "loc_added": 57654626,
    "loc_deleted": 28652637,
    "loc_total": 29001989
  }
}