{
  "timestamp": "2026-07-21T23:30:31.201969",
  "claude": {
    "input_tokens": 109406689,
    "output_tokens": 532766791,
    "cache_creation": 4849253033,
    "cache_read": 121270925618,
    "total_tokens": 126762352131,
    "sessions": 17700,
    "messages": 1066724,
    "cost_estimate": 186840.526568
  },
  "token_usage": {
    "input_tokens": 109406689,
    "output_tokens": 532766791,
    "cache_creation": 4849253033,
    "cache_read": 121270925618,
    "total_tokens": 126762352131,
    "sessions": 17700,
    "messages": 1066724,
    "cost_estimate": 186840.526568,
    "providers": {
      "claude": {
        "input_tokens": 109406689,
        "output_tokens": 532766791,
        "cache_creation": 4849253033,
        "cache_read": 121270925618,
        "total_tokens": 126762352131,
        "sessions": 17700,
        "messages": 1066724,
        "cost_estimate": 186840.526568
      },
      "other": {
        "input_tokens": 0,
        "output_tokens": 0,
        "cache_creation": 0,
        "cache_read": 0,
        "total_tokens": 0,
        "sessions": 0,
        "messages": 0,
        "cost_estimate": 0
      }
    }
  },
  "github": {
    "repos": 297,
    "commits": 12173,
    "stars": 311,
    "followers": 3,
    "following": 0,
    "contributed_repos": 97,
    "prs": 2369,
    "issues": 55,
    "loc_added": 61262284,
    "loc_deleted": 30264627,
    "loc_total": 30997657
  }
}