{
  "timestamp": "2026-06-08T23:31:29.431131",
  "claude": {
    "input_tokens": 57767461,
    "output_tokens": 326196782,
    "cache_creation": 3803230331,
    "cache_read": 93343589794,
    "messages": 798423,
    "sessions": 14967,
    "total_tokens": 97530784368,
    "cost_estimate": 141739.471174
  },
  "github": {
    "repos": 256,
    "commits": 10904,
    "stars": 296,
    "followers": 1,
    "following": 0,
    "contributed_repos": 78,
    "prs": 1729,
    "issues": 50,
    "loc_added": 54335838,
    "loc_deleted": 26945514,
    "loc_total": 27390324
  }
}