{
  "timestamp": "2026-04-09T23:30:03.672867",
  "claude": {
    "input_tokens": 35150554,
    "output_tokens": 33532860,
    "cache_creation": 2383107152,
    "cache_read": 40620956862,
    "messages": 406969,
    "sessions": 11199,
    "total_tokens": 43072747428,
    "cost_estimate": 65809.519722
  },
  "github": {
    "repos": 237,
    "commits": 8394,
    "stars": 253,
    "followers": 1,
    "following": 0,
    "contributed_repos": 66,
    "prs": 837,
    "issues": 45,
    "loc_added": 15449601,
    "loc_deleted": 8089596,
    "loc_total": 7405089
  }
}