{
  "timestamp": "2026-04-15T04:03:58.952510",
  "claude": {
    "input_tokens": 35849192,
    "output_tokens": 50558065,
    "cache_creation": 2499327242,
    "cache_read": 46537283273,
    "messages": 432484,
    "sessions": 11351,
    "total_tokens": 49123017772,
    "cost_estimate": 73405.789563
  },
  "github": {
    "repos": 238,
    "commits": 8717,
    "stars": 261,
    "followers": 1,
    "following": 0,
    "contributed_repos": 68,
    "prs": 880,
    "issues": 45,
    "loc_added": 15449601,
    "loc_deleted": 8089596,
    "loc_total": 7405089
  }
}