{
  "timestamp": "2026-07-09T23:30:43.847936",
  "claude": {
    "input_tokens": 100306635,
    "output_tokens": 483186230,
    "cache_creation": 4597410300,
    "cache_read": 113399000554,
    "total_tokens": 118579903719,
    "sessions": 17601,
    "messages": 1003236,
    "cost_estimate": 174871.756804
  },
  "token_usage": {
    "input_tokens": 100306635,
    "output_tokens": 483186230,
    "cache_creation": 4597410300,
    "cache_read": 113399000554,
    "total_tokens": 118579903719,
    "sessions": 17601,
    "messages": 1003236,
    "cost_estimate": 174871.756804,
    "providers": {
      "claude": {
        "input_tokens": 100306635,
        "output_tokens": 483186230,
        "cache_creation": 4597410300,
        "cache_read": 113399000554,
        "total_tokens": 118579903719,
        "sessions": 17601,
        "messages": 1003236,
        "cost_estimate": 174871.756804
      },
      "other": {
        "input_tokens": 0,
        "output_tokens": 0,
        "cache_creation": 0,
        "cache_read": 0,
        "total_tokens": 0,
        "sessions": 0,
        "messages": 0,
        "cost_estimate": 0
      }
    }
  },
  "github": {
    "repos": 286,
    "commits": 11700,
    "stars": 308,
    "followers": 3,
    "following": 0,
    "contributed_repos": 89,
    "prs": 2099,
    "issues": 51,
    "loc_added": 57654626,
    "loc_deleted": 28681312,
    "loc_total": 29001989
  }
}