{
  "timestamp": "2026-05-20T04:05:04.701946",
  "claude": {
    "input_tokens": 39012569,
    "output_tokens": 184974858,
    "cache_creation": 3210525477,
    "cache_read": 74145758583,
    "messages": 631257,
    "sessions": 12794,
    "total_tokens": 77580271487,
    "cost_estimate": 112190.384783
  },
  "github": {
    "repos": 259,
    "commits": 9975,
    "stars": 281,
    "followers": 1,
    "following": 0,
    "contributed_repos": 75,
    "prs": 1339,
    "issues": 49,
    "loc_added": 15449601,
    "loc_deleted": 8089596,
    "loc_total": 7405089
  }
}