{
  "timestamp": "2026-07-20T03:25:58.450028",
  "claude": {
    "input_tokens": 109290655,
    "output_tokens": 521985237,
    "cache_creation": 4797656534,
    "cache_read": 119326030318,
    "total_tokens": 124754962744,
    "sessions": 17672,
    "messages": 1052096,
    "cost_estimate": 184055.059318
  },
  "github": {
    "repos": 292,
    "commits": 11935,
    "stars": 309,
    "followers": 3,
    "following": 0,
    "contributed_repos": 94,
    "prs": 2260,
    "issues": 51,
    "loc_added": 61262284,
    "loc_deleted": 30264627,
    "loc_total": 30997657
  }
}