{
  "timestamp": "2026-07-18T23:31:06.688153",
  "claude": {
    "input_tokens": 109290655,
    "output_tokens": 521985237,
    "cache_creation": 4797656534,
    "cache_read": 119326030318,
    "total_tokens": 124754962744,
    "sessions": 17672,
    "messages": 1052096,
    "cost_estimate": 184055.059318
  },
  "token_usage": {
    "input_tokens": 109290655,
    "output_tokens": 521985237,
    "cache_creation": 4797656534,
    "cache_read": 119326030318,
    "total_tokens": 124754962744,
    "sessions": 17672,
    "messages": 1052096,
    "cost_estimate": 184055.059318,
    "providers": {
      "claude": {
        "input_tokens": 109290655,
        "output_tokens": 521985237,
        "cache_creation": 4797656534,
        "cache_read": 119326030318,
        "total_tokens": 124754962744,
        "sessions": 17672,
        "messages": 1052096,
        "cost_estimate": 184055.059318
      },
      "other": {
        "input_tokens": 0,
        "output_tokens": 0,
        "cache_creation": 0,
        "cache_read": 0,
        "total_tokens": 0,
        "sessions": 0,
        "messages": 0,
        "cost_estimate": 0
      }
    }
  },
  "github": {
    "repos": 292,
    "commits": 11935,
    "stars": 309,
    "followers": 3,
    "following": 0,
    "contributed_repos": 94,
    "prs": 2260,
    "issues": 51,
    "loc_added": 61262284,
    "loc_deleted": 30264627,
    "loc_total": 30997657
  }
}