{
  "timestamp": "2026-06-19T04:06:05.581931",
  "claude": {
    "input_tokens": 71547478,
    "output_tokens": 384879906,
    "cache_creation": 4106326315,
    "cache_read": 101313816963,
    "messages": 883051,
    "sessions": 16641,
    "total_tokens": 105876570662,
    "cost_estimate": 154638.95207300002
  },
  "github": {
    "repos": 259,
    "commits": 10904,
    "stars": 299,
    "followers": 1,
    "following": 0,
    "contributed_repos": 78,
    "prs": 1889,
    "issues": 50,
    "loc_added": 57196558,
    "loc_deleted": 28504895,
    "loc_total": 28691663
  }
}