{
  "timestamp": "2026-07-15T01:31:36.884117",
  "claude": {
    "input_tokens": 109182544,
    "output_tokens": 509945685,
    "cache_creation": 4733975513,
    "cache_read": 117477604124,
    "total_tokens": 122830707866,
    "sessions": 17634,
    "messages": 1037973,
    "cost_estimate": 181207.555244
  },
  "github": {
    "repos": 290,
    "commits": 11869,
    "stars": 309,
    "followers": 3,
    "following": 0,
    "contributed_repos": 91,
    "prs": 2239,
    "issues": 51,
    "loc_added": 61262284,
    "loc_deleted": 30264627,
    "loc_total": 30997657
  }
}