{
  "timestamp": "2026-05-01T04:03:56.608300",
  "claude": {
    "input_tokens": 37633432,
    "output_tokens": 110212596,
    "cache_creation": 2850036946,
    "cache_read": 60134315334,
    "messages": 526180,
    "sessions": 12027,
    "total_tokens": 63132198308,
    "cost_estimate": 92317.396994
  },
  "github": {
    "repos": 248,
    "commits": 9278,
    "stars": 276,
    "followers": 1,
    "following": 0,
    "contributed_repos": 69,
    "prs": 1040,
    "issues": 46,
    "loc_added": 15449601,
    "loc_deleted": 8089596,
    "loc_total": 7405089
  }
}