{
  "timestamp": "2026-04-26T04:04:14.723809",
  "claude": {
    "input_tokens": 37085956,
    "output_tokens": 86958150,
    "cache_creation": 2713929189,
    "cache_read": 54267137839,
    "messages": 490578,
    "sessions": 11825,
    "total_tokens": 57105111134,
    "cost_estimate": 84386.03378900001
  },
  "github": {
    "repos": 246,
    "commits": 9014,
    "stars": 270,
    "followers": 1,
    "following": 0,
    "contributed_repos": 69,
    "prs": 984,
    "issues": 46,
    "loc_added": 15449601,
    "loc_deleted": 8089596,
    "loc_total": 7405089
  }
}