{
  "timestamp": "2026-04-18T04:03:56.380538",
  "claude": {
    "input_tokens": 36138761,
    "output_tokens": 61287609,
    "cache_creation": 2568126779,
    "cache_read": 49545521663,
    "messages": 449250,
    "sessions": 11513,
    "total_tokens": 52211074812,
    "cost_estimate": 77426.805333
  },
  "github": {
    "repos": 242,
    "commits": 8892,
    "stars": 264,
    "followers": 1,
    "following": 0,
    "contributed_repos": 68,
    "prs": 939,
    "issues": 45,
    "loc_added": 15449601,
    "loc_deleted": 8089596,
    "loc_total": 7405089
  }
}