{
  "timestamp": "2026-04-29T04:04:08.211670",
  "claude": {
    "input_tokens": 37464590,
    "output_tokens": 100432096,
    "cache_creation": 2783240589,
    "cache_read": 57261179369,
    "messages": 509764,
    "sessions": 11948,
    "total_tokens": 60182316644,
    "cost_estimate": 88481.194039
  },
  "github": {
    "repos": 247,
    "commits": 9048,
    "stars": 274,
    "followers": 1,
    "following": 0,
    "contributed_repos": 69,
    "prs": 1003,
    "issues": 46,
    "loc_added": 15449601,
    "loc_deleted": 8089596,
    "loc_total": 7405089
  }
}