{
  "timestamp": "2026-04-21T04:04:00.461445",
  "claude": {
    "input_tokens": 36563849,
    "output_tokens": 75805667,
    "cache_creation": 2645980492,
    "cache_read": 52417969695,
    "messages": 472191,
    "sessions": 11646,
    "total_tokens": 55176319703,
    "cost_estimate": 81517.583115
  },
  "github": {
    "repos": 244,
    "commits": 8934,
    "stars": 268,
    "followers": 1,
    "following": 0,
    "contributed_repos": 69,
    "prs": 954,
    "issues": 45,
    "loc_added": 15449601,
    "loc_deleted": 8089596,
    "loc_total": 7405089
  }
}