{
  "timestamp": "2026-06-11T23:31:40.802402",
  "claude": {
    "input_tokens": 60440849,
    "output_tokens": 337764946,
    "cache_creation": 3887445850,
    "cache_read": 95795761651,
    "messages": 825434,
    "sessions": 15325,
    "total_tokens": 100081413296,
    "cost_estimate": 145407.577021
  },
  "github": {
    "repos": 257,
    "commits": 10904,
    "stars": 297,
    "followers": 1,
    "following": 0,
    "contributed_repos": 78,
    "prs": 1790,
    "issues": 50,
    "loc_added": 54386004,
    "loc_deleted": 26967231,
    "loc_total": 27418773
  }
}