{
  "timestamp": "2026-06-29T02:42:17.358717",
  "claude": {
    "input_tokens": 81237749,
    "output_tokens": 433847048,
    "cache_creation": 4331757970,
    "cache_read": 107057224297,
    "total_tokens": 111904067064,
    "sessions": 17501,
    "messages": 941143,
    "cost_estimate": 164202.592927
  },
  "github": {
    "repos": 265,
    "commits": 11375,
    "stars": 304,
    "followers": 1,
    "following": 0,
    "contributed_repos": 82,
    "prs": 1964,
    "issues": 50,
    "loc_added": 57320641,
    "loc_deleted": 28544342,
    "loc_total": 28776453
  }
}