{
  "timestamp": "2026-05-26T04:05:03.298359",
  "claude": {
    "input_tokens": 40828056,
    "output_tokens": 220120870,
    "cache_creation": 3352383304,
    "cache_read": 80062007051,
    "messages": 676618,
    "sessions": 13158,
    "total_tokens": 83675339281,
    "cost_estimate": 120597.746751
  },
  "github": {
    "repos": 261,
    "commits": 10341,
    "stars": 282,
    "followers": 1,
    "following": 0,
    "contributed_repos": 77,
    "prs": 1425,
    "issues": 49,
    "loc_added": 15449601,
    "loc_deleted": 8089596,
    "loc_total": 7405089
  }
}