{
  "timestamp": "2026-07-12T01:54:50.541196",
  "claude": {
    "input_tokens": 107270895,
    "output_tokens": 495081365,
    "cache_creation": 4653207955,
    "cache_read": 115011181665,
    "total_tokens": 120266741880,
    "sessions": 17611,
    "messages": 1017719,
    "cost_estimate": 177468.411115
  },
  "github": {
    "repos": 286,
    "commits": 11779,
    "stars": 307,
    "followers": 3,
    "following": 0,
    "contributed_repos": 89,
    "prs": 2155,
    "issues": 51,
    "loc_added": 60815619,
    "loc_deleted": 30217151,
    "loc_total": 30598468
  }
}