{
  "timestamp": "2026-05-18T04:07:02.010451",
  "claude": {
    "input_tokens": 38762006,
    "output_tokens": 174138637,
    "cache_creation": 3166023869,
    "cache_read": 72943979020,
    "messages": 620437,
    "sessions": 12710,
    "total_tokens": 76322903532,
    "cost_estimate": 110215.99687999999
  },
  "github": {
    "repos": 258,
    "commits": 9963,
    "stars": 281,
    "followers": 1,
    "following": 0,
    "contributed_repos": 75,
    "prs": 1327,
    "issues": 49,
    "loc_added": 15449601,
    "loc_deleted": 8089596,
    "loc_total": 7405089
  }
}