{
  "timestamp": "2026-07-03T23:30:48.486607",
  "claude": {
    "input_tokens": 95847212,
    "output_tokens": 464891135,
    "cache_creation": 4500078416,
    "cache_read": 110964581424,
    "total_tokens": 116025398187,
    "sessions": 17557,
    "messages": 981504,
    "cost_estimate": 170870.571754
  },
  "token_usage": {
    "input_tokens": 95847212,
    "output_tokens": 464891135,
    "cache_creation": 4500078416,
    "cache_read": 110964581424,
    "total_tokens": 116025398187,
    "sessions": 17557,
    "messages": 981504,
    "cost_estimate": 170870.571754,
    "providers": {
      "claude": {
        "input_tokens": 95847212,
        "output_tokens": 464891135,
        "cache_creation": 4500078416,
        "cache_read": 110964581424,
        "total_tokens": 116025398187,
        "sessions": 17557,
        "messages": 981504,
        "cost_estimate": 170870.571754
      },
      "other": {
        "input_tokens": 0,
        "output_tokens": 0,
        "cache_creation": 0,
        "cache_read": 0,
        "total_tokens": 0,
        "sessions": 0,
        "messages": 0,
        "cost_estimate": 0
      }
    }
  },
  "github": {
    "repos": 285,
    "commits": 11550,
    "stars": 306,
    "followers": 1,
    "following": 0,
    "contributed_repos": 88,
    "prs": 2011,
    "issues": 51,
    "loc_added": 57654626,
    "loc_deleted": 28652637,
    "loc_total": 29001989
  }
}