{
  "timestamp": "2026-04-10T04:00:17.202765",
  "claude": {
    "input_tokens": 35273478,
    "output_tokens": 33885936,
    "cache_creation": 2386493888,
    "cache_read": 40732060474,
    "messages": 407929,
    "sessions": 11208,
    "total_tokens": 43187713776,
    "cost_estimate": 65966.312214
  },
  "github": {
    "repos": 237,
    "commits": 8394,
    "stars": 253,
    "followers": 1,
    "following": 0,
    "contributed_repos": 66,
    "prs": 837,
    "issues": 45,
    "loc_added": 15449601,
    "loc_deleted": 8089596,
    "loc_total": 7405089
  }
}