{
  "timestamp": "2026-07-01T02:42:58.488450",
  "claude": {
    "input_tokens": 82168056,
    "output_tokens": 442385220,
    "cache_creation": 4377495498,
    "cache_read": 108004945306,
    "total_tokens": 112906994080,
    "sessions": 17519,
    "messages": 953104,
    "cost_estimate": 165873.137446
  },
  "github": {
    "repos": 281,
    "commits": 11396,
    "stars": 304,
    "followers": 1,
    "following": 0,
    "contributed_repos": 85,
    "prs": 1977,
    "issues": 50,
    "loc_added": 57626500,
    "loc_deleted": 28651669,
    "loc_total": 28974831
  }
}