{
  "timestamp": "2026-06-28T02:40:47.032053",
  "claude": {
    "input_tokens": 81018034,
    "output_tokens": 431693686,
    "cache_creation": 4322435738,
    "cache_read": 106785280126,
    "total_tokens": 111620427584,
    "sessions": 17499,
    "messages": 938202,
    "cost_estimate": 163770.628426
  },
  "github": {
    "repos": 265,
    "commits": 11364,
    "stars": 304,
    "followers": 1,
    "following": 0,
    "contributed_repos": 82,
    "prs": 1957,
    "issues": 50,
    "loc_added": 57320641,
    "loc_deleted": 28544342,
    "loc_total": 28776453
  }
}