{
  "timestamp": "2026-05-24T04:04:18.470237",
  "claude": {
    "input_tokens": 40557327,
    "output_tokens": 209681220,
    "cache_creation": 3303121078,
    "cache_read": 77722176499,
    "messages": 658877,
    "sessions": 13031,
    "total_tokens": 81275536124,
    "cost_estimate": 117449.397149
  },
  "github": {
    "repos": 260,
    "commits": 10093,
    "stars": 282,
    "followers": 1,
    "following": 0,
    "contributed_repos": 77,
    "prs": 1385,
    "issues": 49,
    "loc_added": 15449601,
    "loc_deleted": 8089596,
    "loc_total": 7405089
  }
}