{
  "timestamp": "2026-05-13T04:04:56.041519",
  "claude": {
    "input_tokens": 38265062,
    "output_tokens": 146428193,
    "cache_creation": 3028272578,
    "cache_read": 68429426465,
    "messages": 584248,
    "sessions": 12435,
    "total_tokens": 71642392298,
    "cost_estimate": 103487.648655
  },
  "github": {
    "repos": 257,
    "commits": 9697,
    "stars": 279,
    "followers": 1,
    "following": 0,
    "contributed_repos": 74,
    "prs": 1257,
    "issues": 49,
    "loc_added": 15449601,
    "loc_deleted": 8089596,
    "loc_total": 7405089
  }
}