{
  "timestamp": "2026-05-27T04:05:11.148648",
  "claude": {
    "input_tokens": 40828316,
    "output_tokens": 220199575,
    "cache_creation": 3352943287,
    "cache_read": 80080078736,
    "messages": 676808,
    "sessions": 13159,
    "total_tokens": 83694049914,
    "cost_estimate": 120623.782016
  },
  "github": {
    "repos": 261,
    "commits": 10342,
    "stars": 281,
    "followers": 1,
    "following": 0,
    "contributed_repos": 77,
    "prs": 1426,
    "issues": 49,
    "loc_added": 15449601,
    "loc_deleted": 8089596,
    "loc_total": 7405089
  }
}